usager_id,age,niveau_diplome,anciennete_poste_ans,code_rome_vise,code_insee_commune,est_allocataire,nationalite_hors_ue,synthese_entretien,classe_retour_emploi
ID_0000,56.0,Bac+2,2.6,D1503,18273,1.0,0,Compétences à réactualiser sur les outils numériques. Motivation correcte.,1
ID_0001,46.0,Sans diplôme,10.5,G1302,07240,0.0,0,Cumul de difficultés. Pas de moyen de transport et garde d'enfants complexe.,2
ID_0002,,Bac,1.4,M1705,01405,,0,Compétences à réactualiser sur les outils numériques. Motivation correcte.,0
ID_0003,60.0,Bac,0.2,A1203,63359,1.0,0,Problème ponctuel de mobilité géographique. Zone mal desservie.,1
ID_0004,25.0,Sans diplôme,1.2,N1301,21302,1.0,0,Projet de reconversion à affiner. Besoin d'une formation complémentaire.,0
ID_0005,38.0,Bac,2.1,A1203,71315,0.0,0,Compétences à réactualiser sur les outils numériques. Motivation correcte.,0
ID_0006,56.0,Bac+5,0.5,N1303,59301,1.0,0,"Excellente présentation, compétences techniques à jour. Reprise rapide visée.",1
ID_0007,36.0,Bac+5,3.2,J1301,74007,1.0,0,Compétences à réactualiser sur les outils numériques. Motivation correcte.,0
ID_0008,40.0,Bac+5,18.3,N1303,54007,0.0,0,Cumul de difficultés. Pas de moyen de transport et garde d'enfants complexe.,0
ID_0009,28.0,Bac,1.8,A1501,60574,1.0,0,"Candidat très dynamique, mobilité nationale validée. Projet clair.",2
ID_0010,28.0,,1.3,N4301,33090,0.0,1,Projet de reconversion à affiner. Besoin d'une formation complémentaire.,1
ID_0011,41.0,Bac,1.5,M1607,89277,1.0,1,"Excellente présentation, compétences techniques à jour. Reprise rapide visée.",1
ID_0012,53.0,Bac,0.4,A1203,34106,0.0,1,"Perte de confiance importante. Risque d'exclusion, barrière de la langue.",2
ID_0013,57.0,Bac+5,6.4,J1506,30265,1.0,0,"Candidat très dynamique, mobilité nationale validée. Projet clair.",0
ID_0014,41.0,Sans diplôme,1.6,G1203,07257,0.0,0,Compétences à réactualiser sur les outils numériques. Motivation correcte.,1
ID_0015,20.0,Bac,1.5,K1304,52132,1.0,0,"Excellente présentation, compétences techniques à jour. Reprise rapide visée.",1
ID_0016,39.0,Sans diplôme,3.2,C1501,81062,0.0,0,Cumul de difficultés. Pas de moyen de transport et garde d'enfants complexe.,0
ID_0017,19.0,Bac,1.8,G1801,29241,1.0,0,Problème ponctuel de mobilité géographique. Zone mal desservie.,1
ID_0018,41.0,Bac+2,3.1,J1506,52273,1.0,0,"Excellente présentation, compétences techniques à jour. Reprise rapide visée.",0
ID_0019,61.0,Bac,0.2,K2111,55044,1.0,1,Freins périphériques majeurs. Situation d'illettrisme numérique constatée.,2
ID_0020,47.0,Bac,5.0,G1601,89049,1.0,0,"Candidat très dynamique, mobilité nationale validée. Projet clair.",0
ID_0021,55.0,Bac,8.5,G1203,59192,1.0,0,Cumul de difficultés. Pas de moyen de transport et garde d'enfants complexe.,2
ID_0022,19.0,Bac,3.1,A1203,39202,0.0,0,Compétences à réactualiser sur les outils numériques. Motivation correcte.,1
ID_0023,38.0,Bac+2,9.3,M1203,17451,0.0,0,Problème ponctuel de mobilité géographique. Zone mal desservie.,1
ID_0024,50.0,Bac+5,0.5,D1502,30029,1.0,0,"Profil autonome, recherche active, aucun frein périphérique identifié.",0
ID_0025,29.0,Bac+5,1.9,K2106,57485,,0,"Profil autonome, recherche active, aucun frein périphérique identifié.",0
ID_0026,39.0,Bac+2,2.8,K2106,06084,1.0,0,"Candidat très dynamique, mobilité nationale validée. Projet clair.",0
ID_0027,61.0,Bac,2.6,D1503,54062,0.0,0,"Profil autonome, recherche active, aucun frein périphérique identifié.",1
ID_0028,42.0,Bac+2,1.5,K1201,29163,1.0,1,"Candidat très dynamique, mobilité nationale validée. Projet clair.",1
ID_0029,44.0,Bac,1.2,M1602,58220,1.0,0,Problème ponctuel de mobilité géographique. Zone mal desservie.,1
ID_0030,59.0,Bac,0.4,K2106,50115,,0,"Candidat très dynamique, mobilité nationale validée. Projet clair.",0
ID_0031,45.0,Bac+5,1.5,C1302,12290,1.0,0,"Profil autonome, recherche active, aucun frein périphérique identifié.",0
ID_0032,33.0,Sans diplôme,0.5,N1101,21481,0.0,0,Problème ponctuel de mobilité géographique. Zone mal desservie.,1
ID_0033,32.0,Bac+5,4.0,M1501,76493,1.0,0,Cumul de difficultés. Pas de moyen de transport et garde d'enfants complexe.,0
ID_0034,61.0,Bac,0.7,M1806,91240,0.0,0,Compétences à réactualiser sur les outils numériques. Motivation correcte.,2
ID_0035,20.0,Bac+2,0.2,H1206,25212,1.0,0,Problème ponctuel de mobilité géographique. Zone mal desservie.,0
ID_0036,54.0,Bac+2,2.4,N1301,70560,1.0,1,Cumul de difficultés. Pas de moyen de transport et garde d'enfants complexe.,2
ID_0037,24.0,Bac+5,2.7,D1406,32196,1.0,0,"Excellente présentation, compétences techniques à jour. Reprise rapide visée.",0
ID_0038,38.0,Bac+2,6.2,H1206,80655,0.0,0,"Perte de confiance importante. Risque d'exclusion, barrière de la langue.",0
ID_0039,26.0,Bac+2,2.6,W1401,80819,0.0,0,"Excellente présentation, compétences techniques à jour. Reprise rapide visée.",0
ID_0040,56.0,Sans diplôme,1.3,K2101,68248,0.0,0,Compétences à réactualiser sur les outils numériques. Motivation correcte.,2
ID_0041,35.0,,4.9,A1301,61442,0.0,0,"Excellente présentation, compétences techniques à jour. Reprise rapide visée.",1
ID_0042,21.0,Sans diplôme,2.3,K2111,64026,0.0,0,Projet de reconversion à affiner. Besoin d'une formation complémentaire.,1
ID_0043,42.0,Bac+2,0.2,M1203,32133,1.0,0,Projet de reconversion à affiner. Besoin d'une formation complémentaire.,1
ID_0044,31.0,Bac,2.5,H1504,50059,0.0,1,"Excellente présentation, compétences techniques à jour. Reprise rapide visée.",0
ID_0045,26.0,Bac+2,7.2,K1403,16121,1.0,0,"Candidat très dynamique, mobilité nationale validée. Projet clair.",0
ID_0046,43.0,Sans diplôme,1.5,A1301,55008,1.0,1,Problème ponctuel de mobilité géographique. Zone mal desservie.,1
ID_0047,,Sans diplôme,1.1,K1601,52083,1.0,0,"Candidat très dynamique, mobilité nationale validée. Projet clair.",2
ID_0048,37.0,Bac+2,0.5,H1504,60677,0.0,0,"Candidat très dynamique, mobilité nationale validée. Projet clair.",0
ID_0049,45.0,Sans diplôme,0.5,M1805,64259,0.0,0,Problème ponctuel de mobilité géographique. Zone mal desservie.,1
ID_0050,24.0,Sans diplôme,1.7,K1601,38310,1.0,0,Freins périphériques majeurs. Situation d'illettrisme numérique constatée.,2
ID_0051,61.0,Sans diplôme,2.7,N1101,11052,0.0,0,Freins périphériques majeurs. Situation d'illettrisme numérique constatée.,2
ID_0052,25.0,Bac+5,0.3,M1805,84026,1.0,0,Cumul de difficultés. Pas de moyen de transport et garde d'enfants complexe.,0
ID_0053,52.0,Bac+2,8.4,D1503,58224,0.0,0,Problème ponctuel de mobilité géographique. Zone mal desservie.,2
ID_0054,31.0,Bac,4.2,M1806,07332,1.0,0,"Candidat très dynamique, mobilité nationale validée. Projet clair.",0
ID_0055,34.0,Bac,2.7,F1603,76255,1.0,0,"Perte de confiance importante. Risque d'exclusion, barrière de la langue.",2
ID_0056,53.0,Bac,5.3,K1403,47065,1.0,0,"Perte de confiance importante. Risque d'exclusion, barrière de la langue.",1
ID_0057,57.0,Bac+2,0.3,N1303,14748,0.0,0,"Excellente présentation, compétences techniques à jour. Reprise rapide visée.",1
ID_0058,21.0,Bac+2,1.9,A1203,41288,0.0,1,Compétences à réactualiser sur les outils numériques. Motivation correcte.,1
ID_0059,19.0,Sans diplôme,3.0,G1203,53029,1.0,0,"Excellente présentation, compétences techniques à jour. Reprise rapide visée.",1
ID_0060,,Sans diplôme,5.3,C1102,26122,1.0,0,"Candidat très dynamique, mobilité nationale validée. Projet clair.",1
ID_0061,59.0,Sans diplôme,4.6,C1302,68153,0.0,1,Problème ponctuel de mobilité géographique. Zone mal desservie.,2
ID_0062,21.0,Bac+2,1.0,G1801,62777,0.0,1,"Perte de confiance importante. Risque d'exclusion, barrière de la langue.",1
ID_0063,46.0,Bac+2,8.5,G1203,46276,0.0,0,Compétences à réactualiser sur les outils numériques. Motivation correcte.,1
ID_0064,35.0,Bac,0.4,K1601,60121,1.0,0,Compétences à réactualiser sur les outils numériques. Motivation correcte.,1
ID_0065,43.0,Sans diplôme,6.2,K1403,62690,0.0,0,"Excellente présentation, compétences techniques à jour. Reprise rapide visée.",2
ID_0066,61.0,Sans diplôme,10.6,F1603,59174,1.0,0,Projet de reconversion à affiner. Besoin d'une formation complémentaire.,2
ID_0067,51.0,Bac+5,0.6,M1805,02252,1.0,0,"Candidat très dynamique, mobilité nationale validée. Projet clair.",1
ID_0068,27.0,Bac,3.8,D1210,76671,1.0,0,"Profil autonome, recherche active, aucun frein périphérique identifié.",0
ID_0069,53.0,Bac+2,0.1,M1805,33492,1.0,0,Freins périphériques majeurs. Situation d'illettrisme numérique constatée.,1
ID_0070,31.0,Bac+2,1.6,M1705,51172,1.0,0,"Candidat très dynamique, mobilité nationale validée. Projet clair.",0
ID_0071,48.0,Bac,2.2,H1206,38358,1.0,0,Compétences à réactualiser sur les outils numériques. Motivation correcte.,0
ID_0072,32.0,Bac,2.6,D1503,88077,0.0,0,Cumul de difficultés. Pas de moyen de transport et garde d'enfants complexe.,0
ID_0073,25.0,Sans diplôme,8.2,C1501,19058,1.0,0,Problème ponctuel de mobilité géographique. Zone mal desservie.,2
ID_0074,31.0,Bac+2,3.3,M1501,11272,1.0,0,Cumul de difficultés. Pas de moyen de transport et garde d'enfants complexe.,1
ID_0075,40.0,Bac+2,2.0,G1601,06107,1.0,0,"Profil autonome, recherche active, aucun frein périphérique identifié.",0
ID_0076,57.0,Bac+2,5.0,N1303,28407,1.0,0,Projet de reconversion à affiner. Besoin d'une formation complémentaire.,1
ID_0077,38.0,Bac,9.0,C1302,80726,0.0,0,Cumul de difficultés. Pas de moyen de transport et garde d'enfants complexe.,2
ID_0078,33.0,Sans diplôme,0.1,A1202,21112,1.0,0,"Perte de confiance importante. Risque d'exclusion, barrière de la langue.",1
ID_0079,62.0,Bac+5,12.1,A1401,30350,0.0,0,Compétences à réactualiser sur les outils numériques. Motivation correcte.,2
ID_0080,35.0,,0.3,H2502,74096,1.0,0,Freins périphériques majeurs. Situation d'illettrisme numérique constatée.,0
ID_0081,41.0,Bac,5.1,C1501,72027,0.0,0,"Candidat très dynamique, mobilité nationale validée. Projet clair.",0
ID_0082,43.0,Bac+5,1.0,G1203,11256,1.0,0,Compétences à réactualiser sur les outils numériques. Motivation correcte.,0
ID_0083,42.0,Bac+2,0.4,D1210,73221,0.0,0,"Profil autonome, recherche active, aucun frein périphérique identifié.",0
ID_0084,62.0,Bac,1.7,D1502,17388,1.0,0,"Candidat très dynamique, mobilité nationale validée. Projet clair.",1
ID_0085,58.0,Bac+2,3.1,D1401,51030,1.0,0,"Candidat très dynamique, mobilité nationale validée. Projet clair.",1
ID_0086,46.0,Bac+5,1.4,M1501,69231,0.0,0,"Excellente présentation, compétences techniques à jour. Reprise rapide visée.",0
ID_0087,32.0,Bac+2,0.2,A1301,11120,1.0,0,"Candidat très dynamique, mobilité nationale validée. Projet clair.",0
ID_0088,62.0,Sans diplôme,2.7,G1602,39176,1.0,1,"Perte de confiance importante. Risque d'exclusion, barrière de la langue.",2
ID_0089,18.0,Bac,7.0,G1302,34248,1.0,0,Problème ponctuel de mobilité géographique. Zone mal desservie.,1
ID_0090,42.0,Bac+5,1.4,G1601,79313,0.0,0,"Excellente présentation, compétences techniques à jour. Reprise rapide visée.",0
ID_0091,24.0,Bac,0.7,H2502,28023,1.0,1,"Profil autonome, recherche active, aucun frein périphérique identifié.",1
ID_0092,26.0,Bac,1.8,C1201,76455,1.0,0,"Profil autonome, recherche active, aucun frein périphérique identifié.",0
ID_0093,41.0,Bac,0.1,K1304,70125,1.0,0,"Perte de confiance importante. Risque d'exclusion, barrière de la langue.",0
ID_0094,18.0,Bac,5.2,K1403,35302,1.0,0,"Profil autonome, recherche active, aucun frein périphérique identifié.",0
ID_0095,61.0,Bac+2,5.3,K1201,60274,1.0,0,Compétences à réactualiser sur les outils numériques. Motivation correcte.,1
ID_0096,25.0,Bac+5,2.7,N1101,25296,0.0,0,"Candidat très dynamique, mobilité nationale validée. Projet clair.",0
ID_0097,41.0,Bac,1.3,D1210,76012,0.0,0,"Perte de confiance importante. Risque d'exclusion, barrière de la langue.",2
ID_0098,28.0,Sans diplôme,4.8,C1110,86028,0.0,0,Compétences à réactualiser sur les outils numériques. Motivation correcte.,1
ID_0099,34.0,Sans diplôme,2.4,M1705,43136,0.0,0,"Excellente présentation, compétences techniques à jour. Reprise rapide visée.",2
ID_0100,25.0,Bac+5,5.2,J1506,61362,1.0,0,"Perte de confiance importante. Risque d'exclusion, barrière de la langue.",0
ID_0101,52.0,Bac+2,3.0,K1903,41204,1.0,0,Cumul de difficultés. Pas de moyen de transport et garde d'enfants complexe.,0
ID_0102,52.0,Bac,4.6,G1601,22160,0.0,0,Freins périphériques majeurs. Situation d'illettrisme numérique constatée.,2
ID_0103,50.0,Bac+5,2.7,H2502,42322,1.0,0,"Profil autonome, recherche active, aucun frein périphérique identifié.",0
ID_0104,22.0,Bac+5,1.6,D1401,90035,1.0,0,Problème ponctuel de mobilité géographique. Zone mal desservie.,0
ID_0105,59.0,Bac+5,9.5,F1603,80185,1.0,0,,1
ID_0106,56.0,Bac+5,2.3,C1302,74134,1.0,0,Compétences à réactualiser sur les outils numériques. Motivation correcte.,1
ID_0107,58.0,Bac,2.8,K1304,56068,1.0,0,,1
ID_0108,45.0,Bac+2,0.7,M1801,41017,0.0,1,Compétences à réactualiser sur les outils numériques. Motivation correcte.,1
ID_0109,24.0,Bac,2.9,K2111,17283,0.0,0,Compétences à réactualiser sur les outils numériques. Motivation correcte.,0
ID_0110,26.0,Bac+5,2.5,M1805,90058,0.0,0,"Candidat très dynamique, mobilité nationale validée. Projet clair.",0
ID_0111,25.0,Bac+2,0.6,M1806,45097,1.0,0,"Excellente présentation, compétences techniques à jour. Reprise rapide visée.",0
ID_0112,29.0,Bac+2,0.2,K2106,66123,0.0,0,Compétences à réactualiser sur les outils numériques. Motivation correcte.,2
ID_0113,51.0,Bac+2,2.8,N4301,65173,1.0,0,Compétences à réactualiser sur les outils numériques. Motivation correcte.,1
ID_0114,50.0,Sans diplôme,4.3,M1802,02679,0.0,0,Compétences à réactualiser sur les outils numériques. Motivation correcte.,1
ID_0115,40.0,Bac,2.2,K1304,77145,1.0,0,"Candidat très dynamique, mobilité nationale validée. Projet clair.",0
ID_0116,41.0,Bac+5,0.8,N1301,62882,0.0,0,"Candidat très dynamique, mobilité nationale validée. Projet clair.",0
ID_0117,54.0,Bac+5,3.3,N1303,61487,0.0,0,Problème ponctuel de mobilité géographique. Zone mal desservie.,1
ID_0118,52.0,Sans diplôme,0.3,D1406,11108,0.0,0,Cumul de difficultés. Pas de moyen de transport et garde d'enfants complexe.,2
ID_0119,61.0,Sans diplôme,1.7,K1403,58306,1.0,1,"Excellente présentation, compétences techniques à jour. Reprise rapide visée.",2
ID_0120,57.0,,0.5,G1203,77093,0.0,0,Freins périphériques majeurs. Situation d'illettrisme numérique constatée.,2
ID_0121,39.0,Bac+2,0.6,A1401,09261,1.0,0,Cumul de difficultés. Pas de moyen de transport et garde d'enfants complexe.,0
ID_0122,44.0,Bac+5,0.7,K1403,07007,0.0,0,"Candidat très dynamique, mobilité nationale validée. Projet clair.",0
ID_0123,52.0,Bac,1.5,K1903,46205,0.0,0,Problème ponctuel de mobilité géographique. Zone mal desservie.,1
ID_0124,18.0,Bac,0.2,N1301,86023,1.0,0,Cumul de difficultés. Pas de moyen de transport et garde d'enfants complexe.,0
ID_0125,,Bac+5,1.5,J1506,44224,0.0,0,Projet de reconversion à affiner. Besoin d'une formation complémentaire.,0
ID_0126,54.0,Bac+2,2.2,C1110,58040,1.0,0,Compétences à réactualiser sur les outils numériques. Motivation correcte.,1
ID_0127,31.0,Bac,2.0,M1801,47014,1.0,0,"Candidat très dynamique, mobilité nationale validée. Projet clair.",0
ID_0128,20.0,Bac,1.4,K1903,60636,0.0,0,"Candidat très dynamique, mobilité nationale validée. Projet clair.",0
ID_0129,18.0,Bac,5.5,M1801,12282,0.0,0,"Excellente présentation, compétences techniques à jour. Reprise rapide visée.",0
ID_0130,22.0,Bac,0.5,G1602,17466,0.0,1,Problème ponctuel de mobilité géographique. Zone mal desservie.,1
ID_0131,43.0,Bac,2.1,A1301,71201,1.0,1,Projet de reconversion à affiner. Besoin d'une formation complémentaire.,1
ID_0132,31.0,Bac+2,0.2,H1206,62550,1.0,0,Projet de reconversion à affiner. Besoin d'une formation complémentaire.,0
ID_0133,56.0,Bac+5,0.2,D1406,25339,,0,"Excellente présentation, compétences techniques à jour. Reprise rapide visée.",0
ID_0134,44.0,Bac+2,2.6,M1805,03299,1.0,0,"Profil autonome, recherche active, aucun frein périphérique identifié.",0
ID_0135,,Bac+2,2.5,K1201,39209,0.0,0,"Excellente présentation, compétences techniques à jour. Reprise rapide visée.",0
ID_0136,32.0,Sans diplôme,6.3,C1302,55043,1.0,0,"Profil autonome, recherche active, aucun frein périphérique identifié.",1
ID_0137,32.0,Bac,2.4,C1110,08063,1.0,0,"Excellente présentation, compétences techniques à jour. Reprise rapide visée.",0
ID_0138,43.0,Sans diplôme,9.6,D1210,47095,1.0,0,"Perte de confiance importante. Risque d'exclusion, barrière de la langue.",2
ID_0139,59.0,Bac,0.1,D1503,34129,1.0,0,Cumul de difficultés. Pas de moyen de transport et garde d'enfants complexe.,1
ID_0140,30.0,Bac+2,0.3,A1501,19199,1.0,0,"Perte de confiance importante. Risque d'exclusion, barrière de la langue.",2
ID_0141,49.0,Bac+5,0.1,K1201,80134,0.0,1,"Excellente présentation, compétences techniques à jour. Reprise rapide visée.",0
ID_0142,56.0,Sans diplôme,0.6,K1403,44173,1.0,0,"Excellente présentation, compétences techniques à jour. Reprise rapide visée.",2
ID_0143,49.0,Bac,2.3,C1102,64029,1.0,0,Freins périphériques majeurs. Situation d'illettrisme numérique constatée.,0
ID_0144,21.0,Bac+5,3.1,M1705,48176,0.0,0,"Excellente présentation, compétences techniques à jour. Reprise rapide visée.",0
ID_0145,47.0,Bac,0.1,C1110,23012,1.0,0,"Excellente présentation, compétences techniques à jour. Reprise rapide visée.",0
ID_0146,54.0,Bac,8.8,I1304,09211,0.0,0,,2
ID_0147,40.0,Bac+2,5.5,C1201,56234,1.0,0,Cumul de difficultés. Pas de moyen de transport et garde d'enfants complexe.,0
ID_0148,56.0,Bac+2,1.1,K2101,63381,1.0,0,"Candidat très dynamique, mobilité nationale validée. Projet clair.",1
ID_0149,62.0,Sans diplôme,0.2,D1401,02411,0.0,0,Cumul de difficultés. Pas de moyen de transport et garde d'enfants complexe.,2
ID_0150,32.0,Bac,0.6,A1401,71248,1.0,0,Cumul de difficultés. Pas de moyen de transport et garde d'enfants complexe.,1
ID_0151,60.0,Bac+2,0.4,F1603,42153,1.0,0,"Excellente présentation, compétences techniques à jour. Reprise rapide visée.",1
ID_0152,46.0,Bac,0.4,F1603,80151,1.0,1,"Candidat très dynamique, mobilité nationale validée. Projet clair.",0
ID_0153,53.0,Sans diplôme,2.2,N1101,10060,0.0,0,Cumul de difficultés. Pas de moyen de transport et garde d'enfants complexe.,2
ID_0154,30.0,Bac+2,0.8,H1504,27288,0.0,0,Projet de reconversion à affiner. Besoin d'une formation complémentaire.,1
ID_0155,49.0,Sans diplôme,1.3,C1110,81173,0.0,0,Compétences à réactualiser sur les outils numériques. Motivation correcte.,1
ID_0156,24.0,Bac+2,13.7,K1403,14483,0.0,0,"Excellente présentation, compétences techniques à jour. Reprise rapide visée.",0
ID_0157,39.0,Bac,3.5,G1203,09193,1.0,0,Projet de reconversion à affiner. Besoin d'une formation complémentaire.,1
ID_0158,45.0,Bac+5,8.9,M1602,41271,1.0,0,Projet de reconversion à affiner. Besoin d'une formation complémentaire.,1
ID_0159,19.0,Bac,0.5,K1903,59283,1.0,0,Cumul de difficultés. Pas de moyen de transport et garde d'enfants complexe.,2
ID_0160,59.0,Bac,1.4,K1304,18194,1.0,0,"Profil autonome, recherche active, aucun frein périphérique identifié.",1
ID_0161,62.0,Sans diplôme,2.4,C1102,61351,1.0,0,Cumul de difficultés. Pas de moyen de transport et garde d'enfants complexe.,2
ID_0162,23.0,Bac,0.2,G1601,35253,1.0,0,Compétences à réactualiser sur les outils numériques. Motivation correcte.,1
ID_0163,,Bac+5,0.0,A1301,11028,1.0,0,"Candidat très dynamique, mobilité nationale validée. Projet clair.",0
ID_0164,45.0,Bac+5,3.3,M1806,2A061,1.0,0,Problème ponctuel de mobilité géographique. Zone mal desservie.,1
ID_0165,61.0,Bac,3.1,J1506,79239,1.0,0,"Excellente présentation, compétences techniques à jour. Reprise rapide visée.",0
ID_0166,61.0,Bac,1.6,D1502,56100,0.0,0,Problème ponctuel de mobilité géographique. Zone mal desservie.,1
ID_0167,37.0,Bac+2,2.0,M1806,50251,0.0,0,"Candidat très dynamique, mobilité nationale validée. Projet clair.",0
ID_0168,47.0,Bac+5,1.6,M1602,29003,1.0,0,"Excellente présentation, compétences techniques à jour. Reprise rapide visée.",0
ID_0169,28.0,Bac,0.1,C1201,27464,1.0,0,"Candidat très dynamique, mobilité nationale validée. Projet clair.",0
ID_0170,45.0,Bac,1.2,C1302,65148,1.0,0,,0
ID_0171,42.0,Bac,0.6,K1601,38315,,0,"Excellente présentation, compétences techniques à jour. Reprise rapide visée.",0
ID_0172,56.0,Bac+2,0.3,H2502,85125,0.0,0,Cumul de difficultés. Pas de moyen de transport et garde d'enfants complexe.,1
ID_0173,50.0,Sans diplôme,9.4,I1304,18043,1.0,1,Problème ponctuel de mobilité géographique. Zone mal desservie.,2
ID_0174,18.0,Bac+2,2.7,C1501,57295,0.0,0,Projet de reconversion à affiner. Besoin d'une formation complémentaire.,1
ID_0175,,Bac,3.9,J1506,25119,1.0,0,"Candidat très dynamique, mobilité nationale validée. Projet clair.",0
ID_0176,30.0,Bac+2,1.1,M1203,80358,1.0,0,Cumul de difficultés. Pas de moyen de transport et garde d'enfants complexe.,2
ID_0177,58.0,Sans diplôme,1.5,D1401,57044,0.0,0,Problème ponctuel de mobilité géographique. Zone mal desservie.,2
ID_0178,20.0,Bac,0.8,H1206,74107,1.0,0,"Profil autonome, recherche active, aucun frein périphérique identifié.",0
ID_0179,56.0,,0.3,K1903,59042,1.0,0,Freins périphériques majeurs. Situation d'illettrisme numérique constatée.,1
ID_0180,23.0,,0.6,N4301,29056,0.0,1,Compétences à réactualiser sur les outils numériques. Motivation correcte.,1
ID_0181,25.0,Sans diplôme,4.8,W1401,67463,1.0,0,Compétences à réactualiser sur les outils numériques. Motivation correcte.,0
ID_0182,44.0,Bac,3.4,D1401,26166,1.0,0,Projet de reconversion à affiner. Besoin d'une formation complémentaire.,0
ID_0183,26.0,Bac,2.4,J1301,11304,1.0,0,"Perte de confiance importante. Risque d'exclusion, barrière de la langue.",0
ID_0184,54.0,,1.9,M1602,41105,0.0,0,,2
ID_0185,50.0,Bac+2,7.7,N1301,70136,0.0,0,"Candidat très dynamique, mobilité nationale validée. Projet clair.",0
ID_0186,59.0,Bac+2,0.2,N4301,24114,1.0,0,"Candidat très dynamique, mobilité nationale validée. Projet clair.",1
ID_0187,61.0,Bac+5,1.0,I1304,80302,,0,"Excellente présentation, compétences techniques à jour. Reprise rapide visée.",1
ID_0188,41.0,Bac,1.3,G1601,65259,1.0,0,Cumul de difficultés. Pas de moyen de transport et garde d'enfants complexe.,0
ID_0189,32.0,Bac+5,4.6,M1602,61440,0.0,0,"Profil autonome, recherche active, aucun frein périphérique identifié.",0
ID_0190,49.0,,14.7,A1301,27394,1.0,0,"Profil autonome, recherche active, aucun frein périphérique identifié.",2
ID_0191,49.0,,0.8,A1203,11257,1.0,0,Cumul de difficultés. Pas de moyen de transport et garde d'enfants complexe.,1
ID_0192,41.0,Sans diplôme,6.2,K2106,35304,0.0,0,Projet de reconversion à affiner. Besoin d'une formation complémentaire.,1
ID_0193,58.0,,5.3,N1303,11369,0.0,0,Problème ponctuel de mobilité géographique. Zone mal desservie.,1
ID_0194,29.0,Bac+2,0.8,C1201,28375,1.0,0,"Excellente présentation, compétences techniques à jour. Reprise rapide visée.",0
ID_0195,56.0,Bac+2,1.5,D1210,25202,1.0,0,Projet de reconversion à affiner. Besoin d'une formation complémentaire.,1
ID_0196,19.0,Bac+2,1.6,N4301,08075,0.0,0,Projet de reconversion à affiner. Besoin d'une formation complémentaire.,1
ID_0197,,Bac,11.5,M1801,71445,1.0,0,"Candidat très dynamique, mobilité nationale validée. Projet clair.",1
ID_0198,54.0,Bac,0.6,M1801,22198,0.0,0,Cumul de difficultés. Pas de moyen de transport et garde d'enfants complexe.,2
ID_0199,34.0,Sans diplôme,4.8,H1206,29272,1.0,1,Projet de reconversion à affiner. Besoin d'une formation complémentaire.,1
ID_0200,19.0,Bac,1.2,K1304,29300,1.0,1,"Profil autonome, recherche active, aucun frein périphérique identifié.",0
ID_0201,19.0,Bac,3.9,M1501,21588,0.0,0,"Profil autonome, recherche active, aucun frein périphérique identifié.",0
ID_0202,45.0,Sans diplôme,1.6,D1210,11028,1.0,0,Problème ponctuel de mobilité géographique. Zone mal desservie.,1
ID_0203,40.0,Bac,2.6,G1302,21147,0.0,0,Problème ponctuel de mobilité géographique. Zone mal desservie.,0
ID_0204,54.0,Bac,5.4,A1203,37035,0.0,0,"Candidat très dynamique, mobilité nationale validée. Projet clair.",1
ID_0205,49.0,Bac+2,4.9,D1210,01058,0.0,0,"Profil autonome, recherche active, aucun frein périphérique identifié.",0
ID_0206,50.0,Bac+5,6.0,G1601,45316,1.0,0,"Candidat très dynamique, mobilité nationale validée. Projet clair.",0
ID_0207,18.0,Bac+5,0.2,N1101,28334,1.0,0,"Profil autonome, recherche active, aucun frein périphérique identifié.",0
ID_0208,,Bac+2,3.5,G1602,33176,1.0,0,"Profil autonome, recherche active, aucun frein périphérique identifié.",0
ID_0209,19.0,Bac,0.5,G1203,59292,0.0,0,Problème ponctuel de mobilité géographique. Zone mal desservie.,1
ID_0210,61.0,Bac+2,1.6,K1201,41140,0.0,0,Freins périphériques majeurs. Situation d'illettrisme numérique constatée.,1
ID_0211,43.0,Bac+2,2.4,A1203,72135,1.0,0,Compétences à réactualiser sur les outils numériques. Motivation correcte.,1
ID_0212,49.0,Sans diplôme,1.5,C1302,61387,0.0,0,"Perte de confiance importante. Risque d'exclusion, barrière de la langue.",2
ID_0213,23.0,Bac,2.2,M1801,21652,1.0,0,Cumul de difficultés. Pas de moyen de transport et garde d'enfants complexe.,0
ID_0214,49.0,Bac+5,17.0,K2101,18050,,0,Projet de reconversion à affiner. Besoin d'une formation complémentaire.,1
ID_0215,21.0,Bac,0.4,G1602,79265,1.0,0,Cumul de difficultés. Pas de moyen de transport et garde d'enfants complexe.,1
ID_0216,28.0,Bac,3.4,W1401,70026,0.0,1,Projet de reconversion à affiner. Besoin d'une formation complémentaire.,1
ID_0217,34.0,Bac,1.5,M1501,61194,1.0,0,,1
ID_0218,55.0,Sans diplôme,0.4,K2111,37118,0.0,0,Freins périphériques majeurs. Situation d'illettrisme numérique constatée.,2
ID_0219,41.0,Bac,0.5,A1203,90083,0.0,0,Projet de reconversion à affiner. Besoin d'une formation complémentaire.,1
ID_0220,22.0,Bac,8.9,M1805,21479,0.0,0,Projet de reconversion à affiner. Besoin d'une formation complémentaire.,1
ID_0221,51.0,Sans diplôme,6.4,A1203,33238,0.0,0,Compétences à réactualiser sur les outils numériques. Motivation correcte.,1
ID_0222,23.0,Sans diplôme,7.1,K1403,79195,0.0,0,"Perte de confiance importante. Risque d'exclusion, barrière de la langue.",0
ID_0223,39.0,Bac+5,14.3,M1806,67232,1.0,1,Compétences à réactualiser sur les outils numériques. Motivation correcte.,1
ID_0224,28.0,Bac,0.7,G1302,61225,1.0,0,Projet de reconversion à affiner. Besoin d'une formation complémentaire.,1
ID_0225,33.0,Bac,1.3,K1403,10335,1.0,0,"Candidat très dynamique, mobilité nationale validée. Projet clair.",0
ID_0226,50.0,Bac,3.3,C1201,51547,1.0,0,,0
ID_0227,26.0,Bac+5,2.0,D1401,76014,1.0,0,Projet de reconversion à affiner. Besoin d'une formation complémentaire.,0
ID_0228,23.0,Bac,1.6,D1502,43011,1.0,0,Compétences à réactualiser sur les outils numériques. Motivation correcte.,0
ID_0229,33.0,Bac,1.3,K2101,62389,1.0,0,Projet de reconversion à affiner. Besoin d'une formation complémentaire.,1
ID_0230,46.0,Bac+5,2.7,D1406,52377,1.0,1,"Excellente présentation, compétences techniques à jour. Reprise rapide visée.",0
ID_0231,20.0,Bac+5,2.6,A1202,01302,1.0,0,Problème ponctuel de mobilité géographique. Zone mal desservie.,0
ID_0232,37.0,Sans diplôme,0.5,H2502,03316,0.0,0,Projet de reconversion à affiner. Besoin d'une formation complémentaire.,1
ID_0233,53.0,Bac+5,1.9,H1206,14346,0.0,0,"Perte de confiance importante. Risque d'exclusion, barrière de la langue.",2
ID_0234,36.0,Bac,2.4,G1302,29041,1.0,0,Projet de reconversion à affiner. Besoin d'une formation complémentaire.,1
ID_0235,43.0,Bac,2.5,M1801,16284,0.0,0,"Excellente présentation, compétences techniques à jour. Reprise rapide visée.",0
ID_0236,,Sans diplôme,0.7,D1401,70195,1.0,0,"Excellente présentation, compétences techniques à jour. Reprise rapide visée.",0
ID_0237,36.0,Sans diplôme,4.1,A1203,05178,1.0,1,Cumul de difficultés. Pas de moyen de transport et garde d'enfants complexe.,2
ID_0238,37.0,Bac+2,0.1,M1802,18152,0.0,0,"Excellente présentation, compétences techniques à jour. Reprise rapide visée.",0
ID_0239,49.0,Bac,1.3,M1203,17276,0.0,0,"Profil autonome, recherche active, aucun frein périphérique identifié.",1
ID_0240,24.0,Bac,4.5,H1504,56248,1.0,1,Compétences à réactualiser sur les outils numériques. Motivation correcte.,1
ID_0241,58.0,Bac+2,2.5,F1603,47061,1.0,0,Compétences à réactualiser sur les outils numériques. Motivation correcte.,1
ID_0242,50.0,Bac+2,0.9,C1201,27190,0.0,0,"Excellente présentation, compétences techniques à jour. Reprise rapide visée.",0
ID_0243,57.0,Sans diplôme,3.6,D1502,46283,1.0,1,"Perte de confiance importante. Risque d'exclusion, barrière de la langue.",2
ID_0244,56.0,Bac+2,2.5,G1203,85036,1.0,0,Problème ponctuel de mobilité géographique. Zone mal desservie.,2
ID_0245,35.0,Sans diplôme,4.8,C1501,17259,0.0,0,Projet de reconversion à affiner. Besoin d'une formation complémentaire.,1
ID_0246,57.0,Bac+2,4.0,G1601,28317,0.0,0,Compétences à réactualiser sur les outils numériques. Motivation correcte.,1
ID_0247,18.0,Bac+2,2.8,W1401,26058,1.0,0,Cumul de difficultés. Pas de moyen de transport et garde d'enfants complexe.,0
ID_0248,28.0,Bac+5,2.0,A1301,65403,0.0,0,"Profil autonome, recherche active, aucun frein périphérique identifié.",0
ID_0249,45.0,Sans diplôme,0.4,H1504,77268,1.0,0,Problème ponctuel de mobilité géographique. Zone mal desservie.,1
ID_0250,,Sans diplôme,0.9,K1903,21677,1.0,0,Projet de reconversion à affiner. Besoin d'une formation complémentaire.,1
ID_0251,,Bac,1.6,N4301,33391,1.0,0,Compétences à réactualiser sur les outils numériques. Motivation correcte.,1
ID_0252,48.0,Bac,2.7,I1304,43110,1.0,0,Freins périphériques majeurs. Situation d'illettrisme numérique constatée.,0
ID_0253,47.0,Bac,2.2,K1201,17387,1.0,0,"Profil autonome, recherche active, aucun frein périphérique identifié.",0
ID_0254,59.0,Bac+5,1.0,M1501,71137,0.0,1,Cumul de difficultés. Pas de moyen de transport et garde d'enfants complexe.,2
ID_0255,52.0,Bac,0.0,K1201,2A065,0.0,0,"Profil autonome, recherche active, aucun frein périphérique identifié.",1
ID_0256,24.0,Bac,2.1,G1601,27138,1.0,0,"Excellente présentation, compétences techniques à jour. Reprise rapide visée.",0
ID_0257,,Bac+2,1.0,M1802,01374,1.0,0,"Excellente présentation, compétences techniques à jour. Reprise rapide visée.",0
ID_0258,43.0,Bac,4.0,M1802,63082,0.0,1,Projet de reconversion à affiner. Besoin d'une formation complémentaire.,0
ID_0259,19.0,Bac+2,0.1,A1501,67432,1.0,0,Compétences à réactualiser sur les outils numériques. Motivation correcte.,1
ID_0260,18.0,Sans diplôme,2.6,N1301,56085,0.0,0,Projet de reconversion à affiner. Besoin d'une formation complémentaire.,1
ID_0261,29.0,Bac,8.5,H2502,14550,0.0,0,Compétences à réactualiser sur les outils numériques. Motivation correcte.,1
ID_0262,22.0,Sans diplôme,0.6,K2106,80814,0.0,0,Problème ponctuel de mobilité géographique. Zone mal desservie.,1
ID_0263,54.0,Sans diplôme,1.9,H2502,01385,1.0,0,Cumul de difficultés. Pas de moyen de transport et garde d'enfants complexe.,2
ID_0264,49.0,Bac+5,0.3,D1502,25523,1.0,0,Cumul de difficultés. Pas de moyen de transport et garde d'enfants complexe.,0
ID_0265,26.0,Sans diplôme,2.9,K1304,61014,0.0,1,Cumul de difficultés. Pas de moyen de transport et garde d'enfants complexe.,2
ID_0266,58.0,Bac,2.4,K1903,57575,0.0,0,Freins périphériques majeurs. Situation d'illettrisme numérique constatée.,0
ID_0267,52.0,Bac,1.6,N1101,28310,0.0,0,Projet de reconversion à affiner. Besoin d'une formation complémentaire.,1
ID_0268,36.0,Bac,2.2,D1406,63122,1.0,1,"Perte de confiance importante. Risque d'exclusion, barrière de la langue.",1
ID_0269,33.0,Bac+5,6.8,K2111,17167,0.0,0,"Perte de confiance importante. Risque d'exclusion, barrière de la langue.",0
ID_0270,20.0,Sans diplôme,0.7,G1602,69148,1.0,0,Compétences à réactualiser sur les outils numériques. Motivation correcte.,1
ID_0271,37.0,Bac+2,0.1,D1401,60122,0.0,0,Compétences à réactualiser sur les outils numériques. Motivation correcte.,0
ID_0272,41.0,Bac+5,5.9,F1603,70470,1.0,0,"Excellente présentation, compétences techniques à jour. Reprise rapide visée.",0
ID_0273,50.0,Bac,2.6,G1302,62313,0.0,0,Compétences à réactualiser sur les outils numériques. Motivation correcte.,2
ID_0274,41.0,Bac+5,6.6,C1201,76585,1.0,0,"Candidat très dynamique, mobilité nationale validée. Projet clair.",0
ID_0275,28.0,,2.7,C1102,63414,0.0,1,Cumul de difficultés. Pas de moyen de transport et garde d'enfants complexe.,2
ID_0276,25.0,Bac,5.0,D1401,08283,0.0,0,Cumul de difficultés. Pas de moyen de transport et garde d'enfants complexe.,0
ID_0277,53.0,Bac,1.7,K1201,59295,1.0,0,Projet de reconversion à affiner. Besoin d'une formation complémentaire.,1
ID_0278,55.0,Bac+2,4.2,M1806,45077,1.0,0,"Profil autonome, recherche active, aucun frein périphérique identifié.",1
ID_0279,57.0,Bac+5,7.3,M1607,26244,1.0,0,"Perte de confiance importante. Risque d'exclusion, barrière de la langue.",1
ID_0280,37.0,Bac,2.5,A1501,26374,1.0,0,Projet de reconversion à affiner. Besoin d'une formation complémentaire.,1
ID_0281,52.0,Bac+2,0.6,W1401,39092,1.0,1,"Perte de confiance importante. Risque d'exclusion, barrière de la langue.",2
ID_0282,42.0,Sans diplôme,0.9,K2101,25066,1.0,0,"Profil autonome, recherche active, aucun frein périphérique identifié.",0
ID_0283,52.0,Bac,0.7,C1201,33230,0.0,1,"Excellente présentation, compétences techniques à jour. Reprise rapide visée.",2
ID_0284,42.0,Bac,0.9,K1903,62542,1.0,0,Compétences à réactualiser sur les outils numériques. Motivation correcte.,1
ID_0285,46.0,Bac+5,1.1,A1501,70061,1.0,0,"Profil autonome, recherche active, aucun frein périphérique identifié.",0
ID_0286,35.0,Bac+2,2.4,C1302,58265,,0,Freins périphériques majeurs. Situation d'illettrisme numérique constatée.,0
ID_0287,63.0,Bac,2.7,C1302,57557,1.0,0,Projet de reconversion à affiner. Besoin d'une formation complémentaire.,1
ID_0288,35.0,Sans diplôme,1.7,M1607,2B304,0.0,0,Cumul de difficultés. Pas de moyen de transport et garde d'enfants complexe.,2
ID_0289,19.0,Sans diplôme,2.9,N1101,40165,0.0,0,Compétences à réactualiser sur les outils numériques. Motivation correcte.,1
ID_0290,52.0,Bac,0.3,F1603,89452,1.0,0,Freins périphériques majeurs. Situation d'illettrisme numérique constatée.,1
ID_0291,33.0,Bac,0.3,M1806,80221,1.0,0,"Candidat très dynamique, mobilité nationale validée. Projet clair.",0
ID_0292,58.0,Bac+5,0.6,D1401,64387,0.0,0,"Profil autonome, recherche active, aucun frein périphérique identifié.",1
ID_0293,53.0,Bac,2.2,D1210,69047,0.0,0,Projet de reconversion à affiner. Besoin d'une formation complémentaire.,1
ID_0294,50.0,Bac,0.7,K1304,63282,1.0,0,"Excellente présentation, compétences techniques à jour. Reprise rapide visée.",0
ID_0295,21.0,Sans diplôme,1.0,M1806,58038,0.0,0,Freins périphériques majeurs. Situation d'illettrisme numérique constatée.,2
ID_0296,50.0,Bac+5,1.5,D1406,63290,1.0,0,"Candidat très dynamique, mobilité nationale validée. Projet clair.",0
ID_0297,31.0,Bac+2,5.0,K1304,16067,1.0,0,"Excellente présentation, compétences techniques à jour. Reprise rapide visée.",0
ID_0298,38.0,Sans diplôme,0.0,D1210,67348,1.0,0,Problème ponctuel de mobilité géographique. Zone mal desservie.,1
ID_0299,37.0,Bac+2,3.1,C1302,69249,1.0,0,"Excellente présentation, compétences techniques à jour. Reprise rapide visée.",0
ID_0300,25.0,Bac,3.3,M1602,76079,1.0,0,"Perte de confiance importante. Risque d'exclusion, barrière de la langue.",1
ID_0301,24.0,Sans diplôme,4.8,K2101,79058,1.0,0,Projet de reconversion à affiner. Besoin d'une formation complémentaire.,1
ID_0302,20.0,Bac,8.1,A1301,95149,1.0,0,Projet de reconversion à affiner. Besoin d'une formation complémentaire.,1
ID_0303,34.0,,0.1,D1210,50592,1.0,0,"Candidat très dynamique, mobilité nationale validée. Projet clair.",0
ID_0304,50.0,Sans diplôme,0.5,K1601,76519,1.0,0,Compétences à réactualiser sur les outils numériques. Motivation correcte.,1
ID_0305,29.0,Bac+5,6.5,M1501,81222,1.0,0,"Candidat très dynamique, mobilité nationale validée. Projet clair.",0
ID_0306,39.0,Bac+5,1.8,I1304,38530,0.0,0,"Excellente présentation, compétences techniques à jour. Reprise rapide visée.",0
ID_0307,39.0,Bac+2,2.5,N4101,05128,0.0,0,Projet de reconversion à affiner. Besoin d'une formation complémentaire.,1
ID_0308,63.0,Bac,3.3,I1304,67424,0.0,1,Freins périphériques majeurs. Situation d'illettrisme numérique constatée.,2
ID_0309,47.0,Bac,3.4,C1501,59385,0.0,0,"Profil autonome, recherche active, aucun frein périphérique identifié.",2
ID_0310,55.0,Bac+2,8.1,D1210,11283,0.0,0,"Candidat très dynamique, mobilité nationale validée. Projet clair.",2
ID_0311,55.0,Bac,17.4,D1210,58136,1.0,0,Freins périphériques majeurs. Situation d'illettrisme numérique constatée.,2
ID_0312,62.0,Sans diplôme,3.8,M1501,89038,1.0,0,Freins périphériques majeurs. Situation d'illettrisme numérique constatée.,2
ID_0313,25.0,Bac,1.0,M1801,51616,1.0,0,"Candidat très dynamique, mobilité nationale validée. Projet clair.",0
ID_0314,,Bac+5,6.4,K1403,63178,1.0,0,Cumul de difficultés. Pas de moyen de transport et garde d'enfants complexe.,0
ID_0315,44.0,Bac,0.2,N1301,13071,1.0,0,"Perte de confiance importante. Risque d'exclusion, barrière de la langue.",2
ID_0316,,Sans diplôme,0.8,D1210,78520,1.0,0,Cumul de difficultés. Pas de moyen de transport et garde d'enfants complexe.,2
ID_0317,38.0,Bac+2,6.8,K1304,33532,1.0,0,Compétences à réactualiser sur les outils numériques. Motivation correcte.,1
ID_0318,47.0,Bac,0.9,G1801,76221,0.0,0,"Candidat très dynamique, mobilité nationale validée. Projet clair.",0
ID_0319,50.0,Bac,0.7,D1502,21700,1.0,1,Problème ponctuel de mobilité géographique. Zone mal desservie.,1
ID_0320,45.0,Sans diplôme,0.4,C1302,63404,1.0,0,"Perte de confiance importante. Risque d'exclusion, barrière de la langue.",1
ID_0321,50.0,Bac,5.9,F1603,07069,0.0,0,"Candidat très dynamique, mobilité nationale validée. Projet clair.",1
ID_0322,22.0,Bac+2,2.1,D1503,81265,1.0,0,"Candidat très dynamique, mobilité nationale validée. Projet clair.",2
ID_0323,36.0,Bac,3.4,G1602,45161,1.0,0,"Profil autonome, recherche active, aucun frein périphérique identifié.",0
ID_0324,21.0,Bac,0.8,G1801,50039,0.0,0,"Candidat très dynamique, mobilité nationale validée. Projet clair.",0
ID_0325,52.0,Bac+5,4.3,H2502,45321,1.0,0,Projet de reconversion à affiner. Besoin d'une formation complémentaire.,1
ID_0326,34.0,Bac+5,4.3,N4101,59303,0.0,0,"Excellente présentation, compétences techniques à jour. Reprise rapide visée.",0
ID_0327,61.0,Bac+5,1.1,K1903,33046,0.0,0,Freins périphériques majeurs. Situation d'illettrisme numérique constatée.,2
ID_0328,45.0,Bac,1.6,D1210,32410,1.0,1,Problème ponctuel de mobilité géographique. Zone mal desservie.,1
ID_0329,47.0,Bac,0.7,C1201,83011,1.0,0,,0
ID_0330,46.0,Bac+5,11.3,C1302,31171,1.0,0,"Excellente présentation, compétences techniques à jour. Reprise rapide visée.",0
ID_0331,,Bac+2,3.1,H1206,39557,1.0,0,,1
ID_0332,23.0,Sans diplôme,8.2,M1801,79190,0.0,0,Projet de reconversion à affiner. Besoin d'une formation complémentaire.,1
ID_0333,52.0,Sans diplôme,1.1,H2502,59205,1.0,0,Compétences à réactualiser sur les outils numériques. Motivation correcte.,1
ID_0334,58.0,Bac,4.6,G1602,64057,1.0,1,Cumul de difficultés. Pas de moyen de transport et garde d'enfants complexe.,2
ID_0335,54.0,Bac+5,4.4,A1401,17137,1.0,0,Problème ponctuel de mobilité géographique. Zone mal desservie.,1
ID_0336,41.0,Bac,3.5,K1201,15076,0.0,0,Cumul de difficultés. Pas de moyen de transport et garde d'enfants complexe.,2
ID_0337,46.0,Bac,10.1,M1802,70349,1.0,0,Problème ponctuel de mobilité géographique. Zone mal desservie.,1
ID_0338,63.0,Sans diplôme,1.5,D1406,02542,1.0,0,Cumul de difficultés. Pas de moyen de transport et garde d'enfants complexe.,2
ID_0339,48.0,Bac+2,0.4,F1603,74111,1.0,0,Cumul de difficultés. Pas de moyen de transport et garde d'enfants complexe.,2
ID_0340,52.0,Bac+5,3.3,H1206,88459,1.0,1,Problème ponctuel de mobilité géographique. Zone mal desservie.,1
ID_0341,50.0,Bac,3.9,D1502,59022,0.0,0,Problème ponctuel de mobilité géographique. Zone mal desservie.,2
ID_0342,38.0,Bac+2,2.6,H1206,68044,1.0,0,"Candidat très dynamique, mobilité nationale validée. Projet clair.",1
ID_0343,49.0,Bac+5,0.7,C1501,45082,1.0,0,Compétences à réactualiser sur les outils numériques. Motivation correcte.,0
ID_0344,40.0,Bac,2.1,A1401,14334,0.0,0,"Profil autonome, recherche active, aucun frein périphérique identifié.",1
ID_0345,50.0,Bac,1.1,C1501,08040,1.0,0,,0
ID_0346,20.0,Bac,1.7,G1801,59412,1.0,0,Problème ponctuel de mobilité géographique. Zone mal desservie.,1
ID_0347,35.0,Bac+2,3.1,K1903,51638,1.0,0,"Profil autonome, recherche active, aucun frein périphérique identifié.",1
ID_0348,42.0,Bac,4.1,D1406,87034,1.0,0,"Profil autonome, recherche active, aucun frein périphérique identifié.",0
ID_0349,59.0,Bac+2,0.8,D1503,02655,0.0,0,Compétences à réactualiser sur les outils numériques. Motivation correcte.,2
ID_0350,48.0,Bac+2,1.6,H1504,49090,1.0,0,Cumul de difficultés. Pas de moyen de transport et garde d'enfants complexe.,1
ID_0351,20.0,Bac,0.9,M1501,16015,1.0,0,Projet de reconversion à affiner. Besoin d'une formation complémentaire.,1
ID_0352,57.0,Bac+5,0.7,N1303,42086,0.0,0,Problème ponctuel de mobilité géographique. Zone mal desservie.,1
ID_0353,63.0,,4.6,D1502,10409,0.0,1,"Excellente présentation, compétences techniques à jour. Reprise rapide visée.",2
ID_0354,41.0,Sans diplôme,7.2,K1903,52173,0.0,0,Cumul de difficultés. Pas de moyen de transport et garde d'enfants complexe.,1
ID_0355,49.0,Bac+2,1.4,G1801,76175,1.0,0,Projet de reconversion à affiner. Besoin d'une formation complémentaire.,1
ID_0356,,Bac+2,4.2,A1202,88486,1.0,0,Freins périphériques majeurs. Situation d'illettrisme numérique constatée.,1
ID_0357,40.0,Bac,6.8,D1503,43014,1.0,0,Compétences à réactualiser sur les outils numériques. Motivation correcte.,1
ID_0358,19.0,Bac+5,5.6,J1301,86059,1.0,0,"Profil autonome, recherche active, aucun frein périphérique identifié.",0
ID_0359,44.0,Bac+5,0.6,D1503,04151,1.0,0,"Perte de confiance importante. Risque d'exclusion, barrière de la langue.",0
ID_0360,59.0,Bac,9.4,A1301,64437,0.0,0,"Perte de confiance importante. Risque d'exclusion, barrière de la langue.",2
ID_0361,19.0,,1.4,C1102,18224,1.0,0,Problème ponctuel de mobilité géographique. Zone mal desservie.,0
ID_0362,43.0,Sans diplôme,1.2,K2101,21310,1.0,0,Compétences à réactualiser sur les outils numériques. Motivation correcte.,1
ID_0363,34.0,Bac,0.2,C1102,88376,1.0,0,"Candidat très dynamique, mobilité nationale validée. Projet clair.",0
ID_0364,57.0,Sans diplôme,2.0,A1501,83094,1.0,0,Freins périphériques majeurs. Situation d'illettrisme numérique constatée.,2
ID_0365,50.0,Bac+5,0.3,D1401,11243,1.0,0,"Candidat très dynamique, mobilité nationale validée. Projet clair.",0
ID_0366,26.0,Bac+2,0.9,M1203,97228,1.0,1,Compétences à réactualiser sur les outils numériques. Motivation correcte.,1
ID_0367,60.0,Sans diplôme,1.1,G1601,27180,0.0,0,Projet de reconversion à affiner. Besoin d'une formation complémentaire.,2
ID_0368,56.0,Bac,5.0,N4301,02175,1.0,0,"Perte de confiance importante. Risque d'exclusion, barrière de la langue.",2
ID_0369,46.0,Bac+2,6.3,N4101,24510,0.0,0,"Perte de confiance importante. Risque d'exclusion, barrière de la langue.",2
ID_0370,59.0,Sans diplôme,1.1,I1304,57630,0.0,0,"Perte de confiance importante. Risque d'exclusion, barrière de la langue.",2
ID_0371,43.0,Bac+5,5.9,M1801,40229,1.0,0,"Excellente présentation, compétences techniques à jour. Reprise rapide visée.",0
ID_0372,,Bac+5,5.8,N1301,45022,0.0,0,"Profil autonome, recherche active, aucun frein périphérique identifié.",1
ID_0373,42.0,Bac,4.3,F1603,87199,0.0,0,,1
ID_0374,41.0,Bac+5,0.5,G1801,18100,0.0,0,"Candidat très dynamique, mobilité nationale validée. Projet clair.",0
ID_0375,30.0,Bac,3.5,K1201,35328,1.0,0,"Excellente présentation, compétences techniques à jour. Reprise rapide visée.",0
ID_0376,24.0,Bac+5,8.7,N4301,10308,1.0,0,Problème ponctuel de mobilité géographique. Zone mal desservie.,1
ID_0377,53.0,Bac+2,3.4,C1102,55363,1.0,0,Compétences à réactualiser sur les outils numériques. Motivation correcte.,1
ID_0378,62.0,Bac+2,1.2,K1304,59007,0.0,0,Problème ponctuel de mobilité géographique. Zone mal desservie.,1
ID_0379,37.0,Sans diplôme,2.1,G1203,34305,1.0,0,"Excellente présentation, compétences techniques à jour. Reprise rapide visée.",1
ID_0380,18.0,Bac+5,3.1,N1303,38167,1.0,0,Freins périphériques majeurs. Situation d'illettrisme numérique constatée.,2
ID_0381,25.0,Bac,2.1,M1705,47260,0.0,0,"Excellente présentation, compétences techniques à jour. Reprise rapide visée.",0
ID_0382,63.0,Sans diplôme,0.4,N4301,47138,1.0,0,"Profil autonome, recherche active, aucun frein périphérique identifié.",0
ID_0383,33.0,Sans diplôme,1.1,K1201,15040,1.0,0,Compétences à réactualiser sur les outils numériques. Motivation correcte.,1
ID_0384,31.0,Bac,4.9,H1206,68316,0.0,0,"Profil autonome, recherche active, aucun frein périphérique identifié.",0
ID_0385,29.0,Bac,5.9,C1302,54244,1.0,0,Freins périphériques majeurs. Situation d'illettrisme numérique constatée.,0
ID_0386,40.0,Bac+2,0.4,A1202,80446,1.0,0,Compétences à réactualiser sur les outils numériques. Motivation correcte.,1
ID_0387,32.0,Bac+5,9.1,D1503,88316,0.0,0,"Perte de confiance importante. Risque d'exclusion, barrière de la langue.",0
ID_0388,45.0,Sans diplôme,1.2,M1805,29104,0.0,0,Projet de reconversion à affiner. Besoin d'une formation complémentaire.,1
ID_0389,51.0,Bac+2,3.3,N1301,57705,0.0,0,"Candidat très dynamique, mobilité nationale validée. Projet clair.",0
ID_0390,19.0,Sans diplôme,4.2,M1802,84083,0.0,0,Problème ponctuel de mobilité géographique. Zone mal desservie.,1
ID_0391,49.0,Bac+5,5.0,K2101,09261,1.0,1,"Excellente présentation, compétences techniques à jour. Reprise rapide visée.",0
ID_0392,40.0,Bac+5,8.7,D1502,10124,1.0,0,"Profil autonome, recherche active, aucun frein périphérique identifié.",0
ID_0393,39.0,Bac,1.1,K2106,33003,0.0,0,Compétences à réactualiser sur les outils numériques. Motivation correcte.,0
ID_0394,42.0,Bac+2,5.9,H1504,88091,1.0,0,Freins périphériques majeurs. Situation d'illettrisme numérique constatée.,1
ID_0395,,Bac,0.4,C1201,13007,0.0,1,"Profil autonome, recherche active, aucun frein périphérique identifié.",2
ID_0396,39.0,Bac,3.7,A1203,69265,0.0,0,Problème ponctuel de mobilité géographique. Zone mal desservie.,1
ID_0397,59.0,Bac+5,4.1,H1504,57182,0.0,0,"Profil autonome, recherche active, aucun frein périphérique identifié.",1
ID_0398,,Bac,3.4,M1802,93072,1.0,0,Compétences à réactualiser sur les outils numériques. Motivation correcte.,1
ID_0399,32.0,Bac,0.9,K1403,26086,1.0,0,"Excellente présentation, compétences techniques à jour. Reprise rapide visée.",0
ID_0400,60.0,Bac,6.2,C1501,70516,0.0,0,"Excellente présentation, compétences techniques à jour. Reprise rapide visée.",0
ID_0401,54.0,Bac+5,0.6,K1601,34045,0.0,1,Problème ponctuel de mobilité géographique. Zone mal desservie.,2
ID_0402,50.0,Bac,0.2,C1201,68062,1.0,0,Freins périphériques majeurs. Situation d'illettrisme numérique constatée.,0
ID_0403,25.0,Sans diplôme,3.8,M1805,21197,1.0,0,"Excellente présentation, compétences techniques à jour. Reprise rapide visée.",1
ID_0404,61.0,Bac+2,1.9,M1607,60403,0.0,0,,2
ID_0405,61.0,Bac+5,5.7,M1607,55257,0.0,0,,1
ID_0406,22.0,Sans diplôme,1.5,D1401,64256,1.0,0,Cumul de difficultés. Pas de moyen de transport et garde d'enfants complexe.,2
ID_0407,56.0,Bac,0.6,C1501,91434,1.0,0,Problème ponctuel de mobilité géographique. Zone mal desservie.,1
ID_0408,21.0,Sans diplôme,5.4,M1705,42328,0.0,0,Cumul de difficultés. Pas de moyen de transport et garde d'enfants complexe.,1
ID_0409,23.0,Bac,2.4,J1301,65324,1.0,1,Projet de reconversion à affiner. Besoin d'une formation complémentaire.,1
ID_0410,62.0,Bac,0.6,I1304,08211,1.0,0,Compétences à réactualiser sur les outils numériques. Motivation correcte.,1
ID_0411,49.0,Bac+2,3.8,M1203,38286,1.0,0,Problème ponctuel de mobilité géographique. Zone mal desservie.,1
ID_0412,47.0,Bac+2,2.1,D1503,74314,1.0,0,"Candidat très dynamique, mobilité nationale validée. Projet clair.",2
ID_0413,52.0,Bac+2,2.8,G1302,08498,1.0,0,"Candidat très dynamique, mobilité nationale validée. Projet clair.",1
ID_0414,57.0,Bac,1.9,C1201,40275,1.0,0,"Candidat très dynamique, mobilité nationale validée. Projet clair.",1
ID_0415,33.0,Bac+5,5.3,K2111,39162,0.0,1,"Profil autonome, recherche active, aucun frein périphérique identifié.",0
ID_0416,30.0,Bac,5.3,D1406,29286,0.0,0,"Excellente présentation, compétences techniques à jour. Reprise rapide visée.",0
ID_0417,59.0,Bac+5,3.7,K1903,37022,1.0,0,Projet de reconversion à affiner. Besoin d'une formation complémentaire.,1
ID_0418,,Bac+2,0.3,F1603,64363,0.0,0,Freins périphériques majeurs. Situation d'illettrisme numérique constatée.,2
ID_0419,36.0,,5.5,K2111,65162,1.0,0,"Perte de confiance importante. Risque d'exclusion, barrière de la langue.",1
ID_0420,34.0,Bac+2,3.3,M1802,38256,1.0,0,Compétences à réactualiser sur les outils numériques. Motivation correcte.,0
ID_0421,36.0,Bac,3.6,K1304,34014,1.0,0,"Excellente présentation, compétences techniques à jour. Reprise rapide visée.",0
ID_0422,45.0,Bac+2,1.4,A1203,35321,1.0,1,Freins périphériques majeurs. Situation d'illettrisme numérique constatée.,1
ID_0423,43.0,Sans diplôme,6.3,K1601,35002,0.0,0,Cumul de difficultés. Pas de moyen de transport et garde d'enfants complexe.,1
ID_0424,54.0,Sans diplôme,3.9,M1602,36040,1.0,0,Projet de reconversion à affiner. Besoin d'une formation complémentaire.,1
ID_0425,43.0,Bac+5,0.4,M1801,21238,1.0,0,Projet de reconversion à affiner. Besoin d'une formation complémentaire.,0
ID_0426,40.0,Bac,1.6,N1303,46060,0.0,0,"Profil autonome, recherche active, aucun frein périphérique identifié.",0
ID_0427,26.0,Bac+5,6.5,N1303,76109,1.0,0,Projet de reconversion à affiner. Besoin d'une formation complémentaire.,0
ID_0428,29.0,Bac,0.1,N1101,24243,0.0,0,"Excellente présentation, compétences techniques à jour. Reprise rapide visée.",0
ID_0429,18.0,Bac+2,9.8,H1206,62270,1.0,0,,1
ID_0430,18.0,Bac+2,3.4,K1304,21058,1.0,0,Cumul de difficultés. Pas de moyen de transport et garde d'enfants complexe.,1
ID_0431,51.0,Bac,3.0,D1210,88052,0.0,0,"Excellente présentation, compétences techniques à jour. Reprise rapide visée.",0
ID_0432,49.0,Bac,0.9,M1501,42086,1.0,0,Projet de reconversion à affiner. Besoin d'une formation complémentaire.,1
ID_0433,42.0,,0.9,M1607,39386,1.0,0,Projet de reconversion à affiner. Besoin d'une formation complémentaire.,1
ID_0434,,Sans diplôme,8.5,H2502,57454,0.0,1,Projet de reconversion à affiner. Besoin d'une formation complémentaire.,2
ID_0435,62.0,Bac,1.1,K2101,80830,0.0,0,Problème ponctuel de mobilité géographique. Zone mal desservie.,1
ID_0436,18.0,Bac+2,4.5,K2106,81137,1.0,0,"Perte de confiance importante. Risque d'exclusion, barrière de la langue.",2
ID_0437,,Bac+5,1.5,M1805,25445,1.0,0,"Excellente présentation, compétences techniques à jour. Reprise rapide visée.",0
ID_0438,56.0,Bac+5,0.4,H1504,39581,1.0,0,Compétences à réactualiser sur les outils numériques. Motivation correcte.,1
ID_0439,22.0,Bac+2,0.0,K1304,13039,1.0,0,"Perte de confiance importante. Risque d'exclusion, barrière de la langue.",2
ID_0440,39.0,Bac+2,2.4,D1210,22386,1.0,0,"Profil autonome, recherche active, aucun frein périphérique identifié.",0
ID_0441,46.0,Bac+2,11.2,W1401,03056,1.0,0,Problème ponctuel de mobilité géographique. Zone mal desservie.,1
ID_0442,20.0,Bac,1.4,A1202,29099,1.0,0,"Perte de confiance importante. Risque d'exclusion, barrière de la langue.",1
ID_0443,29.0,Bac+5,1.3,D1503,88023,1.0,0,"Profil autonome, recherche active, aucun frein périphérique identifié.",0
ID_0444,43.0,Bac+2,1.3,A1401,76493,0.0,0,Projet de reconversion à affiner. Besoin d'une formation complémentaire.,1
ID_0445,33.0,Bac,2.2,A1501,47156,0.0,0,Compétences à réactualiser sur les outils numériques. Motivation correcte.,1
ID_0446,54.0,Sans diplôme,1.7,C1102,03229,1.0,0,Freins périphériques majeurs. Situation d'illettrisme numérique constatée.,2
ID_0447,39.0,Bac,6.4,M1806,04180,0.0,0,"Profil autonome, recherche active, aucun frein périphérique identifié.",0
ID_0448,46.0,Bac,2.1,G1801,55516,1.0,0,Problème ponctuel de mobilité géographique. Zone mal desservie.,1
ID_0449,31.0,Bac+5,2.1,N4101,51652,1.0,0,Compétences à réactualiser sur les outils numériques. Motivation correcte.,0
ID_0450,45.0,Bac,0.4,K2106,11244,0.0,0,"Perte de confiance importante. Risque d'exclusion, barrière de la langue.",0
ID_0451,22.0,Bac,12.2,A1203,45174,1.0,1,Freins périphériques majeurs. Situation d'illettrisme numérique constatée.,2
ID_0452,47.0,Bac+5,0.9,K1403,91022,1.0,1,Compétences à réactualiser sur les outils numériques. Motivation correcte.,1
ID_0453,63.0,Sans diplôme,0.2,K2106,36079,1.0,0,Cumul de difficultés. Pas de moyen de transport et garde d'enfants complexe.,2
ID_0454,,Bac,3.3,F1603,68183,0.0,0,Problème ponctuel de mobilité géographique. Zone mal desservie.,2
ID_0455,29.0,Sans diplôme,2.7,A1203,88258,0.0,0,Cumul de difficultés. Pas de moyen de transport et garde d'enfants complexe.,2
ID_0456,33.0,Bac+2,1.6,A1202,33220,1.0,0,"Excellente présentation, compétences techniques à jour. Reprise rapide visée.",0
ID_0457,43.0,Bac+5,1.6,A1501,27187,1.0,0,Cumul de difficultés. Pas de moyen de transport et garde d'enfants complexe.,0
ID_0458,43.0,Bac,4.6,D1401,18157,0.0,0,"Profil autonome, recherche active, aucun frein périphérique identifié.",0
ID_0459,38.0,Bac+5,0.7,D1406,43123,0.0,0,"Profil autonome, recherche active, aucun frein périphérique identifié.",0
ID_0460,56.0,Bac,5.1,H1504,50338,1.0,0,Problème ponctuel de mobilité géographique. Zone mal desservie.,1
ID_0461,53.0,Bac+5,3.1,K1903,52523,1.0,0,"Perte de confiance importante. Risque d'exclusion, barrière de la langue.",2
ID_0462,,Bac+2,1.6,A1501,55266,1.0,0,"Candidat très dynamique, mobilité nationale validée. Projet clair.",0
ID_0463,47.0,Bac+5,1.8,C1302,69024,1.0,0,"Candidat très dynamique, mobilité nationale validée. Projet clair.",0
ID_0464,54.0,Sans diplôme,0.9,K2111,57364,1.0,0,Cumul de difficultés. Pas de moyen de transport et garde d'enfants complexe.,2
ID_0465,40.0,,4.2,F1603,29068,0.0,0,"Candidat très dynamique, mobilité nationale validée. Projet clair.",0
ID_0466,27.0,Bac+2,2.2,N4301,21629,1.0,0,Freins périphériques majeurs. Situation d'illettrisme numérique constatée.,2
ID_0467,22.0,Bac,1.2,D1406,76463,0.0,0,Compétences à réactualiser sur les outils numériques. Motivation correcte.,1
ID_0468,53.0,Bac+5,2.7,N1101,95348,1.0,0,"Candidat très dynamique, mobilité nationale validée. Projet clair.",0
ID_0469,51.0,Bac,16.4,N4301,21471,1.0,0,"Candidat très dynamique, mobilité nationale validée. Projet clair.",2
ID_0470,48.0,Bac+5,1.7,D1401,31224,0.0,0,"Profil autonome, recherche active, aucun frein périphérique identifié.",0
ID_0471,27.0,Sans diplôme,7.6,K1304,72128,1.0,0,Freins périphériques majeurs. Situation d'illettrisme numérique constatée.,1
ID_0472,36.0,Bac+2,1.3,C1110,57333,1.0,0,"Excellente présentation, compétences techniques à jour. Reprise rapide visée.",0
ID_0473,49.0,Bac,0.2,N4301,02198,0.0,0,Problème ponctuel de mobilité géographique. Zone mal desservie.,2
ID_0474,18.0,Sans diplôme,0.7,G1302,67101,1.0,0,"Candidat très dynamique, mobilité nationale validée. Projet clair.",2
ID_0475,22.0,Bac,1.6,G1602,41198,0.0,0,Problème ponctuel de mobilité géographique. Zone mal desservie.,1
ID_0476,62.0,Sans diplôme,0.7,C1501,45283,1.0,0,Freins périphériques majeurs. Situation d'illettrisme numérique constatée.,2
ID_0477,21.0,Bac,0.0,D1502,55282,1.0,0,Compétences à réactualiser sur les outils numériques. Motivation correcte.,1
ID_0478,33.0,Bac,7.4,M1805,09256,0.0,1,"Excellente présentation, compétences techniques à jour. Reprise rapide visée.",0
ID_0479,41.0,Bac,5.6,H2502,36230,1.0,0,"Candidat très dynamique, mobilité nationale validée. Projet clair.",0
ID_0480,33.0,Bac,4.1,N4301,32465,0.0,0,"Excellente présentation, compétences techniques à jour. Reprise rapide visée.",0
ID_0481,19.0,Bac,0.6,K1201,56228,1.0,0,"Profil autonome, recherche active, aucun frein périphérique identifié.",0
ID_0482,,Bac+2,0.4,M1705,67249,1.0,0,"Profil autonome, recherche active, aucun frein périphérique identifié.",0
ID_0483,49.0,Sans diplôme,0.2,M1705,60165,0.0,0,"Profil autonome, recherche active, aucun frein périphérique identifié.",1
ID_0484,44.0,,3.9,A1203,06037,0.0,0,"Profil autonome, recherche active, aucun frein périphérique identifié.",0
ID_0485,37.0,Bac+5,7.9,G1302,39021,1.0,0,"Profil autonome, recherche active, aucun frein périphérique identifié.",0
ID_0486,41.0,Bac+2,1.7,I1304,70550,1.0,0,"Profil autonome, recherche active, aucun frein périphérique identifié.",0
ID_0487,29.0,Bac,0.4,N1303,62795,0.0,0,Problème ponctuel de mobilité géographique. Zone mal desservie.,0
ID_0488,52.0,Bac+5,2.2,K1304,65261,1.0,0,Projet de reconversion à affiner. Besoin d'une formation complémentaire.,1
ID_0489,50.0,Sans diplôme,1.3,K1903,40120,0.0,0,Problème ponctuel de mobilité géographique. Zone mal desservie.,1
ID_0490,50.0,Sans diplôme,1.4,C1110,08017,0.0,0,Freins périphériques majeurs. Situation d'illettrisme numérique constatée.,2
ID_0491,60.0,,2.9,H1206,88349,1.0,1,Freins périphériques majeurs. Situation d'illettrisme numérique constatée.,2
ID_0492,54.0,Bac+2,3.8,G1801,70225,0.0,0,Projet de reconversion à affiner. Besoin d'une formation complémentaire.,1
ID_0493,29.0,Sans diplôme,0.4,M1801,60296,1.0,0,Freins périphériques majeurs. Situation d'illettrisme numérique constatée.,0
ID_0494,20.0,Bac,0.1,D1502,27248,1.0,0,Compétences à réactualiser sur les outils numériques. Motivation correcte.,1
ID_0495,18.0,Bac+5,15.5,C1102,31455,1.0,0,"Excellente présentation, compétences techniques à jour. Reprise rapide visée.",0
ID_0496,50.0,Bac+5,0.8,M1805,57445,1.0,0,Problème ponctuel de mobilité géographique. Zone mal desservie.,1
ID_0497,57.0,Bac,0.2,M1602,33017,1.0,1,"Profil autonome, recherche active, aucun frein périphérique identifié.",2
ID_0498,27.0,Sans diplôme,0.6,N4301,08001,1.0,0,Projet de reconversion à affiner. Besoin d'une formation complémentaire.,1
ID_0499,,Bac+5,0.1,H1206,81273,1.0,0,Compétences à réactualiser sur les outils numériques. Motivation correcte.,1
ID_0500,61.0,Bac,1.5,D1503,82058,1.0,1,"Perte de confiance importante. Risque d'exclusion, barrière de la langue.",2
ID_0501,46.0,Sans diplôme,4.9,M1602,17081,1.0,0,Cumul de difficultés. Pas de moyen de transport et garde d'enfants complexe.,2
ID_0502,30.0,Sans diplôme,1.3,C1201,78202,0.0,0,Problème ponctuel de mobilité géographique. Zone mal desservie.,1
ID_0503,29.0,Bac+5,1.8,A1501,06083,1.0,1,"Candidat très dynamique, mobilité nationale validée. Projet clair.",1
ID_0504,48.0,Bac+2,3.4,H1206,81164,1.0,0,Compétences à réactualiser sur les outils numériques. Motivation correcte.,1
ID_0505,63.0,Bac+5,2.1,D1502,82093,1.0,0,Problème ponctuel de mobilité géographique. Zone mal desservie.,1
ID_0506,19.0,Bac+5,5.9,M1203,45108,1.0,0,Problème ponctuel de mobilité géographique. Zone mal desservie.,0
ID_0507,52.0,Bac,6.0,N4101,06053,1.0,0,Projet de reconversion à affiner. Besoin d'une formation complémentaire.,0
ID_0508,40.0,Bac,0.0,C1201,27367,1.0,0,Freins périphériques majeurs. Situation d'illettrisme numérique constatée.,0
ID_0509,34.0,Bac,4.5,D1503,27495,0.0,0,Problème ponctuel de mobilité géographique. Zone mal desservie.,1
ID_0510,,Bac,1.9,I1304,88015,1.0,1,"Profil autonome, recherche active, aucun frein périphérique identifié.",2
ID_0511,25.0,Bac,13.5,K1201,21363,0.0,0,Problème ponctuel de mobilité géographique. Zone mal desservie.,1
ID_0512,46.0,Bac+2,2.0,G1203,38484,1.0,0,Problème ponctuel de mobilité géographique. Zone mal desservie.,1
ID_0513,43.0,Bac+2,13.0,M1801,57406,1.0,0,"Profil autonome, recherche active, aucun frein périphérique identifié.",0
ID_0514,27.0,Bac+5,4.2,M1607,51051,0.0,0,"Profil autonome, recherche active, aucun frein périphérique identifié.",0
ID_0515,43.0,Bac,0.9,K1403,62757,0.0,0,Problème ponctuel de mobilité géographique. Zone mal desservie.,1
ID_0516,51.0,Bac+2,2.3,G1302,59060,1.0,0,Problème ponctuel de mobilité géographique. Zone mal desservie.,1
ID_0517,58.0,Bac+2,14.5,N1303,26295,0.0,0,Cumul de difficultés. Pas de moyen de transport et garde d'enfants complexe.,2
ID_0518,24.0,Bac,5.8,C1501,58211,0.0,0,Problème ponctuel de mobilité géographique. Zone mal desservie.,1
ID_0519,21.0,Bac+2,0.3,K1201,32087,1.0,1,Projet de reconversion à affiner. Besoin d'une formation complémentaire.,1
ID_0520,62.0,Bac,3.7,M1501,22184,0.0,0,"Profil autonome, recherche active, aucun frein périphérique identifié.",1
ID_0521,28.0,Bac,1.3,N1303,18183,1.0,0,Compétences à réactualiser sur les outils numériques. Motivation correcte.,0
ID_0522,46.0,Sans diplôme,0.0,M1806,71269,1.0,0,Projet de reconversion à affiner. Besoin d'une formation complémentaire.,1
ID_0523,,Bac,1.5,D1502,89137,0.0,1,"Perte de confiance importante. Risque d'exclusion, barrière de la langue.",2
ID_0524,42.0,Bac,0.8,A1301,77278,0.0,0,Projet de reconversion à affiner. Besoin d'une formation complémentaire.,1
ID_0525,38.0,Bac+2,5.1,M1203,22386,1.0,0,"Candidat très dynamique, mobilité nationale validée. Projet clair.",1
ID_0526,53.0,Bac+5,1.2,M1805,57496,1.0,0,Cumul de difficultés. Pas de moyen de transport et garde d'enfants complexe.,2
ID_0527,27.0,Bac+2,5.3,M1806,50471,1.0,0,"Excellente présentation, compétences techniques à jour. Reprise rapide visée.",2
ID_0528,54.0,Bac+2,0.0,G1602,57730,1.0,0,"Candidat très dynamique, mobilité nationale validée. Projet clair.",0
ID_0529,26.0,Bac,1.1,G1801,14626,1.0,0,"Candidat très dynamique, mobilité nationale validée. Projet clair.",2
ID_0530,41.0,Bac+2,0.8,C1501,77255,0.0,0,Problème ponctuel de mobilité géographique. Zone mal desservie.,1
ID_0531,52.0,Sans diplôme,0.8,M1602,02173,0.0,1,"Perte de confiance importante. Risque d'exclusion, barrière de la langue.",2
ID_0532,,Bac,0.2,H2502,78516,0.0,0,Projet de reconversion à affiner. Besoin d'une formation complémentaire.,1
ID_0533,53.0,Bac,0.6,K1601,88341,0.0,0,"Perte de confiance importante. Risque d'exclusion, barrière de la langue.",2
ID_0534,35.0,Bac,2.4,N1303,63193,1.0,0,"Candidat très dynamique, mobilité nationale validée. Projet clair.",0
ID_0535,56.0,Sans diplôme,1.0,G1602,26311,1.0,0,Freins périphériques majeurs. Situation d'illettrisme numérique constatée.,2
ID_0536,49.0,Sans diplôme,1.6,D1503,27341,0.0,0,,1
ID_0537,41.0,Bac,1.4,D1210,21432,1.0,0,Freins périphériques majeurs. Situation d'illettrisme numérique constatée.,0
ID_0538,40.0,Bac+5,6.3,M1801,28271,0.0,0,"Candidat très dynamique, mobilité nationale validée. Projet clair.",0
ID_0539,49.0,Bac,7.1,I1304,02124,1.0,0,"Excellente présentation, compétences techniques à jour. Reprise rapide visée.",0
ID_0540,54.0,Bac,2.0,N4101,31352,1.0,0,"Candidat très dynamique, mobilité nationale validée. Projet clair.",1
ID_0541,29.0,Sans diplôme,1.2,A1202,34142,1.0,0,Projet de reconversion à affiner. Besoin d'une formation complémentaire.,2
ID_0542,30.0,Bac+2,0.3,N4101,02780,1.0,0,Compétences à réactualiser sur les outils numériques. Motivation correcte.,1
ID_0543,40.0,Bac,9.2,D1401,71121,0.0,0,Projet de reconversion à affiner. Besoin d'une formation complémentaire.,1
ID_0544,42.0,Bac,0.2,N1301,14360,1.0,0,"Profil autonome, recherche active, aucun frein périphérique identifié.",0
ID_0545,52.0,Bac,1.1,D1503,25586,1.0,0,Compétences à réactualiser sur les outils numériques. Motivation correcte.,1
ID_0546,58.0,Sans diplôme,1.1,K1403,59032,1.0,0,"Perte de confiance importante. Risque d'exclusion, barrière de la langue.",2
ID_0547,47.0,Sans diplôme,1.2,A1203,08330,1.0,1,Freins périphériques majeurs. Situation d'illettrisme numérique constatée.,1
ID_0548,34.0,Bac,0.5,M1607,88500,1.0,1,"Candidat très dynamique, mobilité nationale validée. Projet clair.",2
ID_0549,37.0,Sans diplôme,4.6,K1304,62721,1.0,1,"Candidat très dynamique, mobilité nationale validée. Projet clair.",1
ID_0550,42.0,Sans diplôme,0.4,M1501,97601,1.0,0,Compétences à réactualiser sur les outils numériques. Motivation correcte.,2
ID_0551,39.0,Bac,3.0,M1805,78236,0.0,0,Compétences à réactualiser sur les outils numériques. Motivation correcte.,0
ID_0552,30.0,Bac+5,0.4,H2502,29077,1.0,0,"Candidat très dynamique, mobilité nationale validée. Projet clair.",0
ID_0553,36.0,Bac,0.2,G1601,44007,1.0,0,"Profil autonome, recherche active, aucun frein périphérique identifié.",0
ID_0554,53.0,Bac,7.2,A1501,97116,,0,"Excellente présentation, compétences techniques à jour. Reprise rapide visée.",0
ID_0555,29.0,Bac,0.6,K1403,51240,0.0,1,Problème ponctuel de mobilité géographique. Zone mal desservie.,1
ID_0556,58.0,Bac+5,5.2,K2111,25618,1.0,0,Compétences à réactualiser sur les outils numériques. Motivation correcte.,1
ID_0557,36.0,Bac,2.4,M1203,65427,0.0,0,Problème ponctuel de mobilité géographique. Zone mal desservie.,1
ID_0558,29.0,Sans diplôme,0.2,H1504,41296,1.0,0,Projet de reconversion à affiner. Besoin d'une formation complémentaire.,1
ID_0559,26.0,Bac+2,9.3,C1201,68353,1.0,1,,0
ID_0560,,Sans diplôme,0.9,K2101,68221,1.0,0,Projet de reconversion à affiner. Besoin d'une formation complémentaire.,2
ID_0561,45.0,Bac,5.9,K1601,31498,1.0,0,Problème ponctuel de mobilité géographique. Zone mal desservie.,1
ID_0562,31.0,Bac,0.6,C1501,25467,0.0,0,Problème ponctuel de mobilité géographique. Zone mal desservie.,1
ID_0563,48.0,Bac+5,5.8,J1506,64298,0.0,0,"Candidat très dynamique, mobilité nationale validée. Projet clair.",0
ID_0564,36.0,Bac,0.0,W1401,85213,1.0,0,Freins périphériques majeurs. Situation d'illettrisme numérique constatée.,1
ID_0565,,Bac+2,2.2,D1406,88386,0.0,0,"Excellente présentation, compétences techniques à jour. Reprise rapide visée.",0
ID_0566,22.0,Bac+5,4.4,D1502,57453,1.0,0,"Profil autonome, recherche active, aucun frein périphérique identifié.",0
ID_0567,52.0,Sans diplôme,8.2,A1501,27117,0.0,0,"Profil autonome, recherche active, aucun frein périphérique identifié.",2
ID_0568,29.0,Bac,7.2,K1403,30191,1.0,0,"Candidat très dynamique, mobilité nationale validée. Projet clair.",0
ID_0569,42.0,Bac,5.1,F1603,39565,1.0,1,"Perte de confiance importante. Risque d'exclusion, barrière de la langue.",1
ID_0570,38.0,Bac,6.6,D1503,59323,0.0,0,Compétences à réactualiser sur les outils numériques. Motivation correcte.,1
ID_0571,53.0,Bac,0.7,G1601,51339,0.0,0,,1
ID_0572,40.0,Bac+5,1.0,J1301,24290,1.0,0,"Profil autonome, recherche active, aucun frein périphérique identifié.",0
ID_0573,33.0,Bac+2,1.0,A1203,23209,1.0,0,Freins périphériques majeurs. Situation d'illettrisme numérique constatée.,1
ID_0574,,Bac+2,1.4,K1403,51036,1.0,0,Projet de reconversion à affiner. Besoin d'une formation complémentaire.,1
ID_0575,62.0,Bac,1.5,K1403,44068,1.0,0,Problème ponctuel de mobilité géographique. Zone mal desservie.,0
ID_0576,59.0,Bac+5,2.4,C1302,59320,1.0,0,Cumul de difficultés. Pas de moyen de transport et garde d'enfants complexe.,1
ID_0577,56.0,Bac+5,0.5,K1601,27400,0.0,0,"Profil autonome, recherche active, aucun frein périphérique identifié.",0
ID_0578,31.0,Bac+5,3.5,M1501,77308,1.0,0,Problème ponctuel de mobilité géographique. Zone mal desservie.,2
ID_0579,48.0,Sans diplôme,0.6,K1903,31562,0.0,0,"Profil autonome, recherche active, aucun frein périphérique identifié.",1
ID_0580,22.0,Bac+2,1.1,K2111,25411,0.0,0,Cumul de difficultés. Pas de moyen de transport et garde d'enfants complexe.,0
ID_0581,52.0,Sans diplôme,2.1,M1802,83043,1.0,0,"Profil autonome, recherche active, aucun frein périphérique identifié.",0
ID_0582,40.0,Bac,4.8,C1110,65469,0.0,0,"Candidat très dynamique, mobilité nationale validée. Projet clair.",0
ID_0583,46.0,Sans diplôme,4.0,A1401,2B033,0.0,0,Freins périphériques majeurs. Situation d'illettrisme numérique constatée.,1
ID_0584,60.0,Bac+2,3.1,D1503,76613,0.0,0,Freins périphériques majeurs. Situation d'illettrisme numérique constatée.,1
ID_0585,28.0,Bac+2,0.5,N1101,30088,1.0,0,Compétences à réactualiser sur les outils numériques. Motivation correcte.,1
ID_0586,35.0,Sans diplôme,2.4,K2111,71528,1.0,1,Compétences à réactualiser sur les outils numériques. Motivation correcte.,2
ID_0587,29.0,Bac,0.3,D1406,33097,1.0,0,"Candidat très dynamique, mobilité nationale validée. Projet clair.",0
ID_0588,26.0,Bac,1.4,M1806,14661,1.0,0,"Excellente présentation, compétences techniques à jour. Reprise rapide visée.",0
ID_0589,27.0,Bac,1.6,C1201,91161,1.0,0,Projet de reconversion à affiner. Besoin d'une formation complémentaire.,1
ID_0590,61.0,Sans diplôme,0.1,K1304,46140,0.0,0,"Candidat très dynamique, mobilité nationale validée. Projet clair.",2
ID_0591,34.0,Bac,1.0,K1601,80555,1.0,0,Compétences à réactualiser sur les outils numériques. Motivation correcte.,1
ID_0592,55.0,Bac+2,9.3,A1301,71013,0.0,0,Freins périphériques majeurs. Situation d'illettrisme numérique constatée.,2
ID_0593,24.0,Sans diplôme,9.2,M1501,24052,0.0,0,Freins périphériques majeurs. Situation d'illettrisme numérique constatée.,2
ID_0594,63.0,Sans diplôme,1.3,N1303,55330,0.0,0,"Perte de confiance importante. Risque d'exclusion, barrière de la langue.",2
ID_0595,30.0,Bac,0.1,A1202,97126,1.0,0,Cumul de difficultés. Pas de moyen de transport et garde d'enfants complexe.,2
ID_0596,57.0,Bac+5,0.6,W1401,17083,0.0,0,Compétences à réactualiser sur les outils numériques. Motivation correcte.,1
ID_0597,59.0,Bac+2,1.5,A1501,88448,0.0,0,"Perte de confiance importante. Risque d'exclusion, barrière de la langue.",1
ID_0598,,Bac+2,8.9,N1301,24355,0.0,1,Compétences à réactualiser sur les outils numériques. Motivation correcte.,1
ID_0599,44.0,Bac,0.5,N4101,88258,0.0,0,Freins périphériques majeurs. Situation d'illettrisme numérique constatée.,1
ID_0600,19.0,Bac,4.3,M1602,34109,1.0,0,Projet de reconversion à affiner. Besoin d'une formation complémentaire.,1
ID_0601,22.0,Sans diplôme,0.3,K1903,04200,1.0,0,Cumul de difficultés. Pas de moyen de transport et garde d'enfants complexe.,2
ID_0602,46.0,Bac+2,11.9,G1801,55286,1.0,0,Problème ponctuel de mobilité géographique. Zone mal desservie.,1
ID_0603,54.0,Bac+5,1.4,H1206,55374,0.0,1,Projet de reconversion à affiner. Besoin d'une formation complémentaire.,1
ID_0604,55.0,Bac+2,4.5,N1301,89119,0.0,0,"Perte de confiance importante. Risque d'exclusion, barrière de la langue.",1
ID_0605,36.0,Bac+5,1.3,C1501,18014,1.0,0,Problème ponctuel de mobilité géographique. Zone mal desservie.,0
ID_0606,25.0,Bac+2,3.0,C1110,25374,0.0,0,"Excellente présentation, compétences techniques à jour. Reprise rapide visée.",0
ID_0607,62.0,Sans diplôme,0.6,A1401,24032,1.0,0,"Perte de confiance importante. Risque d'exclusion, barrière de la langue.",2
ID_0608,18.0,Bac+5,0.5,H1504,57199,0.0,0,"Profil autonome, recherche active, aucun frein périphérique identifié.",0
ID_0609,39.0,Sans diplôme,8.3,J1301,62768,1.0,0,Compétences à réactualiser sur les outils numériques. Motivation correcte.,2
ID_0610,34.0,Bac,7.5,C1110,64211,0.0,0,"Excellente présentation, compétences techniques à jour. Reprise rapide visée.",0
ID_0611,24.0,Sans diplôme,6.6,M1602,09292,1.0,0,Problème ponctuel de mobilité géographique. Zone mal desservie.,1
ID_0612,42.0,Sans diplôme,2.9,K1201,64067,1.0,0,"Profil autonome, recherche active, aucun frein périphérique identifié.",0
ID_0613,62.0,Bac,5.0,J1506,21649,1.0,0,"Excellente présentation, compétences techniques à jour. Reprise rapide visée.",0
ID_0614,21.0,Bac,0.2,K1903,27096,0.0,0,Compétences à réactualiser sur les outils numériques. Motivation correcte.,1
ID_0615,53.0,Bac,1.2,K1601,68385,1.0,0,Problème ponctuel de mobilité géographique. Zone mal desservie.,1
ID_0616,23.0,Bac,1.1,N1303,71406,1.0,0,"Profil autonome, recherche active, aucun frein périphérique identifié.",0
ID_0617,48.0,Sans diplôme,3.0,G1602,83020,0.0,0,Freins périphériques majeurs. Situation d'illettrisme numérique constatée.,1
ID_0618,36.0,Sans diplôme,1.3,N1301,35117,0.0,0,Problème ponctuel de mobilité géographique. Zone mal desservie.,1
ID_0619,61.0,Bac,0.5,A1301,70226,1.0,1,Freins périphériques majeurs. Situation d'illettrisme numérique constatée.,2
ID_0620,56.0,Bac,2.7,A1401,09103,0.0,0,Cumul de difficultés. Pas de moyen de transport et garde d'enfants complexe.,2
ID_0621,44.0,Bac+2,5.1,A1202,65376,1.0,1,Projet de reconversion à affiner. Besoin d'une formation complémentaire.,1
ID_0622,27.0,Bac+2,1.4,K1304,07325,0.0,0,"Excellente présentation, compétences techniques à jour. Reprise rapide visée.",0
ID_0623,43.0,Bac+5,0.4,G1601,67091,1.0,1,Projet de reconversion à affiner. Besoin d'une formation complémentaire.,1
ID_0624,36.0,Bac+2,0.7,J1301,71096,0.0,0,"Profil autonome, recherche active, aucun frein périphérique identifié.",0
ID_0625,56.0,Bac,0.8,K1304,02214,1.0,1,,2
ID_0626,20.0,Bac+2,1.1,D1210,74164,0.0,0,Compétences à réactualiser sur les outils numériques. Motivation correcte.,1
ID_0627,62.0,Bac,3.1,M1802,39585,0.0,0,"Candidat très dynamique, mobilité nationale validée. Projet clair.",1
ID_0628,30.0,Bac,2.8,G1302,21586,0.0,0,Projet de reconversion à affiner. Besoin d'une formation complémentaire.,1
ID_0629,45.0,Bac+2,3.6,G1801,23075,1.0,0,Compétences à réactualiser sur les outils numériques. Motivation correcte.,1
ID_0630,37.0,Bac,1.4,N1101,14610,0.0,0,Freins périphériques majeurs. Situation d'illettrisme numérique constatée.,0
ID_0631,45.0,Bac+2,5.2,G1601,62443,1.0,0,Cumul de difficultés. Pas de moyen de transport et garde d'enfants complexe.,0
ID_0632,25.0,Bac+5,0.7,G1203,62258,0.0,0,"Candidat très dynamique, mobilité nationale validée. Projet clair.",0
ID_0633,58.0,Bac+5,1.9,G1602,29249,0.0,0,Problème ponctuel de mobilité géographique. Zone mal desservie.,1
ID_0634,56.0,Bac+5,4.8,G1302,85147,1.0,0,Cumul de difficultés. Pas de moyen de transport et garde d'enfants complexe.,2
ID_0635,18.0,Bac,0.6,D1503,42156,1.0,0,Cumul de difficultés. Pas de moyen de transport et garde d'enfants complexe.,0
ID_0636,20.0,Bac,0.3,G1602,07138,1.0,0,Cumul de difficultés. Pas de moyen de transport et garde d'enfants complexe.,1
ID_0637,30.0,Bac,6.5,J1506,55148,1.0,0,"Excellente présentation, compétences techniques à jour. Reprise rapide visée.",0
ID_0638,45.0,Bac,1.3,A1202,60446,1.0,0,"Profil autonome, recherche active, aucun frein périphérique identifié.",1
ID_0639,42.0,Bac+2,3.5,N1101,63109,1.0,0,Projet de reconversion à affiner. Besoin d'une formation complémentaire.,0
ID_0640,50.0,Bac+2,0.1,G1801,08005,1.0,0,"Perte de confiance importante. Risque d'exclusion, barrière de la langue.",1
ID_0641,55.0,Bac+2,3.5,G1602,74262,0.0,0,"Excellente présentation, compétences techniques à jour. Reprise rapide visée.",1
ID_0642,23.0,Bac,1.1,I1304,31308,1.0,0,Cumul de difficultés. Pas de moyen de transport et garde d'enfants complexe.,0
ID_0643,61.0,Sans diplôme,0.2,G1801,17067,1.0,0,Cumul de difficultés. Pas de moyen de transport et garde d'enfants complexe.,2
ID_0644,62.0,Bac,2.8,M1501,60051,1.0,0,Problème ponctuel de mobilité géographique. Zone mal desservie.,2
ID_0645,49.0,Sans diplôme,0.8,G1601,27663,0.0,1,Freins périphériques majeurs. Situation d'illettrisme numérique constatée.,2
ID_0646,62.0,Bac+5,1.5,N1101,29165,0.0,0,Problème ponctuel de mobilité géographique. Zone mal desservie.,1
ID_0647,38.0,,0.3,G1203,57631,1.0,0,Freins périphériques majeurs. Situation d'illettrisme numérique constatée.,2
ID_0648,33.0,Sans diplôme,0.5,D1503,19051,0.0,0,Projet de reconversion à affiner. Besoin d'une formation complémentaire.,1
ID_0649,38.0,Sans diplôme,1.1,D1502,50444,1.0,0,Projet de reconversion à affiner. Besoin d'une formation complémentaire.,1
ID_0650,28.0,Bac+2,0.3,I1304,72367,0.0,0,"Profil autonome, recherche active, aucun frein périphérique identifié.",0
ID_0651,54.0,Bac+2,7.3,A1401,72076,1.0,0,Problème ponctuel de mobilité géographique. Zone mal desservie.,1
ID_0652,53.0,Bac,0.0,D1503,53165,0.0,0,Cumul de difficultés. Pas de moyen de transport et garde d'enfants complexe.,2
ID_0653,52.0,Sans diplôme,2.0,J1506,50448,1.0,0,Projet de reconversion à affiner. Besoin d'une formation complémentaire.,1
ID_0654,36.0,Bac,0.4,K1304,11111,0.0,0,"Profil autonome, recherche active, aucun frein périphérique identifié.",0
ID_0655,37.0,Bac,1.1,K2111,76259,1.0,0,Cumul de difficultés. Pas de moyen de transport et garde d'enfants complexe.,0
ID_0656,35.0,Bac+2,7.8,F1603,27206,1.0,1,"Perte de confiance importante. Risque d'exclusion, barrière de la langue.",2
ID_0657,58.0,Bac+2,0.5,G1203,11434,0.0,0,Compétences à réactualiser sur les outils numériques. Motivation correcte.,1
ID_0658,31.0,Bac,10.1,K2101,17159,1.0,0,"Perte de confiance importante. Risque d'exclusion, barrière de la langue.",2
ID_0659,32.0,Bac,0.7,M1602,77256,0.0,1,"Candidat très dynamique, mobilité nationale validée. Projet clair.",1
ID_0660,,Bac+5,4.1,H1504,61361,0.0,0,"Candidat très dynamique, mobilité nationale validée. Projet clair.",0
ID_0661,18.0,Bac,2.4,M1501,38244,1.0,0,Compétences à réactualiser sur les outils numériques. Motivation correcte.,1
ID_0662,20.0,Bac+2,6.5,K1304,08003,1.0,0,Cumul de difficultés. Pas de moyen de transport et garde d'enfants complexe.,1
ID_0663,33.0,Sans diplôme,2.4,G1602,70240,0.0,0,"Candidat très dynamique, mobilité nationale validée. Projet clair.",0
ID_0664,40.0,Bac,2.3,J1506,21195,0.0,0,"Candidat très dynamique, mobilité nationale validée. Projet clair.",0
ID_0665,28.0,Sans diplôme,0.7,D1502,64519,0.0,0,Compétences à réactualiser sur les outils numériques. Motivation correcte.,1
ID_0666,29.0,Bac,0.5,M1501,81175,1.0,0,Problème ponctuel de mobilité géographique. Zone mal desservie.,1
ID_0667,27.0,Bac+5,7.4,N4101,77227,0.0,0,"Excellente présentation, compétences techniques à jour. Reprise rapide visée.",0
ID_0668,49.0,Bac,1.2,D1210,44102,1.0,0,"Excellente présentation, compétences techniques à jour. Reprise rapide visée.",0
ID_0669,33.0,Sans diplôme,1.4,A1401,04137,1.0,0,Compétences à réactualiser sur les outils numériques. Motivation correcte.,1
ID_0670,25.0,Sans diplôme,4.3,D1406,57196,0.0,0,"Candidat très dynamique, mobilité nationale validée. Projet clair.",0
ID_0671,55.0,Bac,1.2,I1304,52064,0.0,0,Compétences à réactualiser sur les outils numériques. Motivation correcte.,1
ID_0672,29.0,Sans diplôme,9.1,N1101,61171,1.0,0,"Profil autonome, recherche active, aucun frein périphérique identifié.",0
ID_0673,41.0,Sans diplôme,4.0,M1607,80764,0.0,0,Problème ponctuel de mobilité géographique. Zone mal desservie.,1
ID_0674,45.0,Bac+2,2.7,I1304,71188,0.0,0,Freins périphériques majeurs. Situation d'illettrisme numérique constatée.,0
ID_0675,25.0,Bac,6.4,N4101,76546,0.0,1,Freins périphériques majeurs. Situation d'illettrisme numérique constatée.,0
ID_0676,45.0,Bac,0.2,M1602,84054,1.0,0,"Perte de confiance importante. Risque d'exclusion, barrière de la langue.",2
ID_0677,53.0,Bac+5,0.9,A1202,10080,1.0,0,Compétences à réactualiser sur les outils numériques. Motivation correcte.,1
ID_0678,43.0,Sans diplôme,1.9,M1501,59292,0.0,0,Cumul de difficultés. Pas de moyen de transport et garde d'enfants complexe.,2
ID_0679,25.0,Bac+5,0.8,C1102,71481,0.0,0,Projet de reconversion à affiner. Besoin d'une formation complémentaire.,0
ID_0680,45.0,Bac,4.1,H1504,50247,1.0,0,Compétences à réactualiser sur les outils numériques. Motivation correcte.,1
ID_0681,45.0,Bac+5,7.5,A1501,15026,1.0,0,Problème ponctuel de mobilité géographique. Zone mal desservie.,0
ID_0682,54.0,Bac+2,1.7,K2106,52039,1.0,0,Compétences à réactualiser sur les outils numériques. Motivation correcte.,1
ID_0683,58.0,,1.3,A1301,80150,1.0,0,"Candidat très dynamique, mobilité nationale validée. Projet clair.",1
ID_0684,53.0,Bac+5,9.8,M1203,60146,1.0,0,Cumul de difficultés. Pas de moyen de transport et garde d'enfants complexe.,2
ID_0685,44.0,Bac,1.8,H2502,50276,1.0,0,Compétences à réactualiser sur les outils numériques. Motivation correcte.,0
ID_0686,34.0,Bac+5,2.0,M1806,76564,0.0,1,Projet de reconversion à affiner. Besoin d'une formation complémentaire.,0
ID_0687,26.0,Bac,1.3,A1501,46262,0.0,0,"Candidat très dynamique, mobilité nationale validée. Projet clair.",0
ID_0688,50.0,Bac,7.2,A1202,88488,1.0,0,Freins périphériques majeurs. Situation d'illettrisme numérique constatée.,1
ID_0689,37.0,Bac,2.5,M1203,02355,1.0,0,Freins périphériques majeurs. Situation d'illettrisme numérique constatée.,1
ID_0690,30.0,Bac,4.3,M1806,01064,1.0,0,"Candidat très dynamique, mobilité nationale validée. Projet clair.",0
ID_0691,45.0,Sans diplôme,5.0,K1403,80508,0.0,0,"Profil autonome, recherche active, aucun frein périphérique identifié.",1
ID_0692,46.0,Bac,1.3,N4301,07223,1.0,0,"Excellente présentation, compétences techniques à jour. Reprise rapide visée.",0
ID_0693,30.0,Bac,1.7,G1601,04241,1.0,0,"Perte de confiance importante. Risque d'exclusion, barrière de la langue.",0
ID_0694,63.0,Bac+2,5.7,M1802,24504,0.0,0,Cumul de difficultés. Pas de moyen de transport et garde d'enfants complexe.,1
ID_0695,52.0,Bac+5,1.4,C1201,40078,1.0,0,Compétences à réactualiser sur les outils numériques. Motivation correcte.,1
ID_0696,23.0,Bac,4.7,M1801,02579,1.0,1,"Profil autonome, recherche active, aucun frein périphérique identifié.",1
ID_0697,35.0,Bac,8.5,N4301,55586,1.0,0,"Excellente présentation, compétences techniques à jour. Reprise rapide visée.",0
ID_0698,22.0,Bac,2.9,C1501,19268,1.0,0,Compétences à réactualiser sur les outils numériques. Motivation correcte.,1
ID_0699,42.0,Sans diplôme,4.1,J1506,88254,1.0,0,Problème ponctuel de mobilité géographique. Zone mal desservie.,0
ID_0700,19.0,Sans diplôme,4.9,M1602,39393,1.0,0,Cumul de difficultés. Pas de moyen de transport et garde d'enfants complexe.,2
ID_0701,27.0,Bac,5.6,K1201,78009,0.0,0,Compétences à réactualiser sur les outils numériques. Motivation correcte.,0
ID_0702,47.0,Bac,1.5,G1302,17113,0.0,1,"Profil autonome, recherche active, aucun frein périphérique identifié.",2
ID_0703,62.0,Bac+5,0.2,M1607,22002,1.0,0,Projet de reconversion à affiner. Besoin d'une formation complémentaire.,0
ID_0704,22.0,Bac,1.5,N4301,28159,1.0,0,Projet de reconversion à affiner. Besoin d'une formation complémentaire.,1
ID_0705,50.0,Bac,3.4,H1504,10408,1.0,0,Projet de reconversion à affiner. Besoin d'une formation complémentaire.,1
ID_0706,18.0,Bac,1.8,M1805,51584,1.0,0,"Perte de confiance importante. Risque d'exclusion, barrière de la langue.",0
ID_0707,35.0,Sans diplôme,4.1,C1302,48158,0.0,0,Compétences à réactualiser sur les outils numériques. Motivation correcte.,1
ID_0708,49.0,Bac,1.3,K1601,02540,,1,"Perte de confiance importante. Risque d'exclusion, barrière de la langue.",2
ID_0709,28.0,Bac+2,3.0,M1802,14291,0.0,0,"Profil autonome, recherche active, aucun frein périphérique identifié.",0
ID_0710,,Bac,0.6,M1806,77494,1.0,0,"Profil autonome, recherche active, aucun frein périphérique identifié.",0
ID_0711,43.0,Bac,4.2,A1203,61448,1.0,0,Projet de reconversion à affiner. Besoin d'une formation complémentaire.,1
ID_0712,42.0,Bac+5,2.4,K2111,43077,1.0,0,"Perte de confiance importante. Risque d'exclusion, barrière de la langue.",0
ID_0713,39.0,Bac+5,0.7,D1503,67508,0.0,0,"Perte de confiance importante. Risque d'exclusion, barrière de la langue.",0
ID_0714,,Bac+2,1.0,K1201,62892,0.0,0,"Profil autonome, recherche active, aucun frein périphérique identifié.",0
ID_0715,30.0,Bac,4.1,K2101,77216,1.0,0,"Profil autonome, recherche active, aucun frein périphérique identifié.",0
ID_0716,50.0,Bac+2,2.0,C1110,06019,1.0,1,Compétences à réactualiser sur les outils numériques. Motivation correcte.,1
ID_0717,51.0,Bac,0.7,I1304,02687,1.0,0,Freins périphériques majeurs. Situation d'illettrisme numérique constatée.,1
ID_0718,58.0,Bac,10.3,C1201,02804,0.0,0,Cumul de difficultés. Pas de moyen de transport et garde d'enfants complexe.,2
ID_0719,52.0,Sans diplôme,3.8,M1602,02445,1.0,0,"Perte de confiance importante. Risque d'exclusion, barrière de la langue.",2
ID_0720,,Bac,9.4,K1601,70275,1.0,0,Cumul de difficultés. Pas de moyen de transport et garde d'enfants complexe.,2
ID_0721,38.0,Bac,1.7,K1403,64190,0.0,1,"Perte de confiance importante. Risque d'exclusion, barrière de la langue.",0
ID_0722,23.0,Bac,1.9,K2101,37199,1.0,0,Freins périphériques majeurs. Situation d'illettrisme numérique constatée.,2
ID_0723,45.0,Bac+5,6.8,D1502,70038,,0,"Excellente présentation, compétences techniques à jour. Reprise rapide visée.",0
ID_0724,34.0,Bac+5,2.2,C1501,24470,1.0,0,"Profil autonome, recherche active, aucun frein périphérique identifié.",0
ID_0725,22.0,Bac+2,3.7,A1203,88371,1.0,0,Projet de reconversion à affiner. Besoin d'une formation complémentaire.,1
ID_0726,48.0,Bac,0.9,I1304,23125,1.0,0,"Candidat très dynamique, mobilité nationale validée. Projet clair.",0
ID_0727,22.0,Bac+5,1.8,K1903,14399,1.0,0,Compétences à réactualiser sur les outils numériques. Motivation correcte.,0
ID_0728,55.0,Sans diplôme,0.4,M1705,77364,1.0,0,"Perte de confiance importante. Risque d'exclusion, barrière de la langue.",2
ID_0729,20.0,Bac+2,0.7,G1601,06068,0.0,1,Compétences à réactualiser sur les outils numériques. Motivation correcte.,1
ID_0730,40.0,Sans diplôme,0.0,J1301,58078,1.0,0,"Candidat très dynamique, mobilité nationale validée. Projet clair.",0
ID_0731,54.0,Bac+2,0.1,I1304,52200,1.0,0,Compétences à réactualiser sur les outils numériques. Motivation correcte.,1
ID_0732,54.0,Bac,11.4,G1601,18153,0.0,0,Compétences à réactualiser sur les outils numériques. Motivation correcte.,2
ID_0733,27.0,Bac+5,0.8,K1601,74208,0.0,0,"Candidat très dynamique, mobilité nationale validée. Projet clair.",0
ID_0734,27.0,Bac+5,3.3,N4101,55343,1.0,0,,0
ID_0735,36.0,Sans diplôme,5.5,G1203,89162,0.0,0,Problème ponctuel de mobilité géographique. Zone mal desservie.,1
ID_0736,34.0,Bac,2.4,N1303,88108,0.0,1,Compétences à réactualiser sur les outils numériques. Motivation correcte.,1
ID_0737,,Bac+5,0.5,C1302,09262,1.0,0,"Excellente présentation, compétences techniques à jour. Reprise rapide visée.",0
ID_0738,31.0,Bac,3.9,A1202,57531,0.0,0,Problème ponctuel de mobilité géographique. Zone mal desservie.,1
ID_0739,,Bac+5,2.8,W1401,17053,1.0,0,Problème ponctuel de mobilité géographique. Zone mal desservie.,1
ID_0740,63.0,Bac,3.9,J1506,08110,0.0,0,"Candidat très dynamique, mobilité nationale validée. Projet clair.",0
ID_0741,18.0,Bac,4.4,K2101,21253,1.0,1,Compétences à réactualiser sur les outils numériques. Motivation correcte.,1
ID_0742,62.0,Bac,11.1,A1203,43258,1.0,0,Freins périphériques majeurs. Situation d'illettrisme numérique constatée.,2
ID_0743,30.0,Bac,2.6,K2106,52447,1.0,0,"Excellente présentation, compétences techniques à jour. Reprise rapide visée.",0
ID_0744,21.0,,1.3,M1607,29292,0.0,0,Cumul de difficultés. Pas de moyen de transport et garde d'enfants complexe.,1
ID_0745,18.0,Bac,3.1,D1401,82107,1.0,0,"Profil autonome, recherche active, aucun frein périphérique identifié.",0
ID_0746,57.0,Bac,0.2,M1705,49347,1.0,0,Freins périphériques majeurs. Situation d'illettrisme numérique constatée.,1
ID_0747,49.0,Bac,6.8,H2502,16217,1.0,0,Freins périphériques majeurs. Situation d'illettrisme numérique constatée.,0
ID_0748,51.0,Bac,0.4,J1301,66109,0.0,0,Compétences à réactualiser sur les outils numériques. Motivation correcte.,1
ID_0749,45.0,Bac+5,1.2,M1607,34311,0.0,0,"Candidat très dynamique, mobilité nationale validée. Projet clair.",0
ID_0750,48.0,Bac+5,5.1,C1201,32375,1.0,0,"Candidat très dynamique, mobilité nationale validée. Projet clair.",0
ID_0751,25.0,Bac,2.7,D1503,22140,0.0,0,Freins périphériques majeurs. Situation d'illettrisme numérique constatée.,1
ID_0752,56.0,Bac+5,1.5,C1102,88324,1.0,0,Compétences à réactualiser sur les outils numériques. Motivation correcte.,1
ID_0753,43.0,Bac+2,1.9,D1210,31408,0.0,0,"Profil autonome, recherche active, aucun frein périphérique identifié.",0
ID_0754,51.0,Bac,5.8,D1401,88482,1.0,1,Freins périphériques majeurs. Situation d'illettrisme numérique constatée.,2
ID_0755,20.0,Bac+5,1.2,A1202,02054,1.0,0,Compétences à réactualiser sur les outils numériques. Motivation correcte.,1
ID_0756,29.0,Bac,6.1,M1602,62413,,1,,1
ID_0757,18.0,,0.3,N1301,88251,1.0,0,"Profil autonome, recherche active, aucun frein périphérique identifié.",1
ID_0758,61.0,Bac+5,4.5,M1501,71414,1.0,0,Projet de reconversion à affiner. Besoin d'une formation complémentaire.,1
ID_0759,22.0,Bac,5.6,N4101,57384,1.0,0,Problème ponctuel de mobilité géographique. Zone mal desservie.,1
ID_0760,47.0,Bac+5,0.6,M1203,29107,1.0,0,"Profil autonome, recherche active, aucun frein périphérique identifié.",0
ID_0761,47.0,Bac+5,1.7,K1304,80601,1.0,0,Cumul de difficultés. Pas de moyen de transport et garde d'enfants complexe.,0
ID_0762,34.0,Sans diplôme,0.5,A1301,10336,1.0,0,Problème ponctuel de mobilité géographique. Zone mal desservie.,1
ID_0763,40.0,Bac+5,3.7,M1806,08391,0.0,0,"Excellente présentation, compétences techniques à jour. Reprise rapide visée.",0
ID_0764,32.0,Bac,2.3,C1501,64354,1.0,0,"Excellente présentation, compétences techniques à jour. Reprise rapide visée.",1
ID_0765,54.0,Bac,3.0,C1102,60054,0.0,0,Compétences à réactualiser sur les outils numériques. Motivation correcte.,1
ID_0766,38.0,,0.7,H1504,62109,1.0,0,Problème ponctuel de mobilité géographique. Zone mal desservie.,1
ID_0767,31.0,,0.7,A1401,71122,1.0,0,"Profil autonome, recherche active, aucun frein périphérique identifié.",0
ID_0768,19.0,Sans diplôme,0.1,H1206,06053,1.0,1,Cumul de difficultés. Pas de moyen de transport et garde d'enfants complexe.,2
ID_0769,28.0,Bac,1.2,G1801,80197,1.0,0,"Excellente présentation, compétences techniques à jour. Reprise rapide visée.",1
ID_0770,56.0,Bac+2,2.5,M1203,56101,1.0,0,Problème ponctuel de mobilité géographique. Zone mal desservie.,1
ID_0771,55.0,Bac+2,5.9,K1601,46246,0.0,0,"Perte de confiance importante. Risque d'exclusion, barrière de la langue.",2
ID_0772,51.0,Bac+2,3.3,K1403,38459,1.0,1,Freins périphériques majeurs. Situation d'illettrisme numérique constatée.,2
ID_0773,55.0,Sans diplôme,1.7,K1304,06133,0.0,1,"Perte de confiance importante. Risque d'exclusion, barrière de la langue.",2
ID_0774,51.0,Bac,9.2,G1601,39372,1.0,0,Projet de reconversion à affiner. Besoin d'une formation complémentaire.,2
ID_0775,35.0,Bac,3.8,M1501,30004,0.0,1,"Candidat très dynamique, mobilité nationale validée. Projet clair.",0
ID_0776,47.0,Bac+5,8.0,M1802,16303,0.0,0,"Profil autonome, recherche active, aucun frein périphérique identifié.",0
ID_0777,32.0,Bac,2.2,D1502,50504,1.0,1,Problème ponctuel de mobilité géographique. Zone mal desservie.,0
ID_0778,,Bac,0.9,N4301,01291,0.0,0,Freins périphériques majeurs. Situation d'illettrisme numérique constatée.,2
ID_0779,51.0,Bac+5,0.2,D1503,80179,1.0,0,Compétences à réactualiser sur les outils numériques. Motivation correcte.,1
ID_0780,55.0,Sans diplôme,3.9,M1801,16038,0.0,0,Freins périphériques majeurs. Situation d'illettrisme numérique constatée.,2
ID_0781,50.0,Bac+5,0.4,N4101,10205,1.0,0,"Candidat très dynamique, mobilité nationale validée. Projet clair.",0
ID_0782,41.0,Bac+2,1.1,D1502,61037,1.0,0,Projet de reconversion à affiner. Besoin d'une formation complémentaire.,1
ID_0783,32.0,Bac+5,2.3,C1302,53250,0.0,0,"Excellente présentation, compétences techniques à jour. Reprise rapide visée.",0
ID_0784,47.0,Bac,2.5,J1301,32357,0.0,0,,0
ID_0785,59.0,Sans diplôme,2.8,K2106,94047,1.0,1,Cumul de difficultés. Pas de moyen de transport et garde d'enfants complexe.,2
ID_0786,34.0,Bac+2,0.5,C1110,13107,0.0,0,"Perte de confiance importante. Risque d'exclusion, barrière de la langue.",1
ID_0787,22.0,Bac+5,1.4,N4101,40270,1.0,0,"Candidat très dynamique, mobilité nationale validée. Projet clair.",0
ID_0788,46.0,Bac+2,2.9,M1607,59375,0.0,0,Cumul de difficultés. Pas de moyen de transport et garde d'enfants complexe.,0
ID_0789,,Sans diplôme,10.5,K2111,11123,0.0,1,"Candidat très dynamique, mobilité nationale validée. Projet clair.",2
ID_0790,27.0,Bac+2,3.9,K2101,22224,1.0,1,Cumul de difficultés. Pas de moyen de transport et garde d'enfants complexe.,1
ID_0791,34.0,Bac+2,7.7,K1903,11275,0.0,0,Compétences à réactualiser sur les outils numériques. Motivation correcte.,1
ID_0792,27.0,Bac+2,4.3,M1607,50124,1.0,0,Projet de reconversion à affiner. Besoin d'une formation complémentaire.,1
ID_0793,,Bac+2,2.7,K1601,18053,0.0,0,Problème ponctuel de mobilité géographique. Zone mal desservie.,1
ID_0794,37.0,Bac+5,0.6,D1503,70368,0.0,0,"Perte de confiance importante. Risque d'exclusion, barrière de la langue.",0
ID_0795,41.0,Bac+2,3.3,M1602,13012,1.0,0,Compétences à réactualiser sur les outils numériques. Motivation correcte.,1
ID_0796,22.0,Sans diplôme,2.9,M1805,10204,1.0,1,Problème ponctuel de mobilité géographique. Zone mal desservie.,1
ID_0797,51.0,Bac,2.8,M1806,16359,1.0,0,Problème ponctuel de mobilité géographique. Zone mal desservie.,1
ID_0798,23.0,Sans diplôme,2.0,M1203,76302,0.0,0,Freins périphériques majeurs. Situation d'illettrisme numérique constatée.,2
ID_0799,19.0,Bac,2.3,M1805,77315,1.0,0,"Profil autonome, recherche active, aucun frein périphérique identifié.",0
ID_0800,30.0,Bac,1.2,A1401,31031,1.0,0,Projet de reconversion à affiner. Besoin d'une formation complémentaire.,1
ID_0801,,Sans diplôme,2.2,C1110,73129,0.0,0,Compétences à réactualiser sur les outils numériques. Motivation correcte.,2
ID_0802,60.0,Bac,0.7,C1102,28022,1.0,0,"Profil autonome, recherche active, aucun frein périphérique identifié.",1
ID_0803,28.0,Sans diplôme,4.9,N1301,30264,1.0,0,Projet de reconversion à affiner. Besoin d'une formation complémentaire.,1
ID_0804,40.0,Bac+5,0.6,D1401,25274,0.0,0,"Excellente présentation, compétences techniques à jour. Reprise rapide visée.",0
ID_0805,33.0,Bac+5,0.3,K1403,2A018,1.0,0,Projet de reconversion à affiner. Besoin d'une formation complémentaire.,0
ID_0806,48.0,Sans diplôme,1.7,H2502,61080,,0,Problème ponctuel de mobilité géographique. Zone mal desservie.,1
ID_0807,28.0,Bac+5,3.2,K2106,08109,0.0,1,"Profil autonome, recherche active, aucun frein périphérique identifié.",0
ID_0808,33.0,Bac,1.7,C1201,73083,1.0,0,"Profil autonome, recherche active, aucun frein périphérique identifié.",0
ID_0809,25.0,Bac,1.0,M1602,48089,0.0,0,"Perte de confiance importante. Risque d'exclusion, barrière de la langue.",2
ID_0810,21.0,Sans diplôme,2.5,C1302,41074,1.0,0,Cumul de difficultés. Pas de moyen de transport et garde d'enfants complexe.,1
ID_0811,57.0,Bac,1.3,N1101,09111,,0,Freins périphériques majeurs. Situation d'illettrisme numérique constatée.,2
ID_0812,21.0,Bac+2,8.1,D1210,14374,1.0,0,"Perte de confiance importante. Risque d'exclusion, barrière de la langue.",1
ID_0813,42.0,Bac+2,7.7,K1304,55493,1.0,0,"Excellente présentation, compétences techniques à jour. Reprise rapide visée.",0
ID_0814,20.0,Sans diplôme,2.1,D1401,35314,0.0,0,Cumul de difficultés. Pas de moyen de transport et garde d'enfants complexe.,1
ID_0815,49.0,Sans diplôme,1.2,D1401,65077,1.0,0,Problème ponctuel de mobilité géographique. Zone mal desservie.,1
ID_0816,20.0,Bac,4.0,J1506,03283,1.0,0,"Excellente présentation, compétences techniques à jour. Reprise rapide visée.",0
ID_0817,44.0,Bac,0.1,M1805,22025,1.0,0,"Profil autonome, recherche active, aucun frein périphérique identifié.",0
ID_0818,46.0,Bac,1.9,J1506,65010,1.0,0,Freins périphériques majeurs. Situation d'illettrisme numérique constatée.,0
ID_0819,49.0,Bac,1.2,D1210,62026,0.0,1,Freins périphériques majeurs. Situation d'illettrisme numérique constatée.,1
ID_0820,36.0,Bac+5,7.6,N1301,61463,0.0,0,Cumul de difficultés. Pas de moyen de transport et garde d'enfants complexe.,0
ID_0821,38.0,Bac+5,0.0,G1601,79319,0.0,0,"Excellente présentation, compétences techniques à jour. Reprise rapide visée.",0
ID_0822,22.0,Bac,2.4,N1301,68185,1.0,0,"Candidat très dynamique, mobilité nationale validée. Projet clair.",0
ID_0823,35.0,Bac+5,4.0,K2111,57294,0.0,0,"Excellente présentation, compétences techniques à jour. Reprise rapide visée.",0
ID_0824,45.0,Bac,2.0,C1201,21365,1.0,0,Cumul de difficultés. Pas de moyen de transport et garde d'enfants complexe.,0
ID_0825,59.0,Bac,0.3,M1607,02732,1.0,0,Projet de reconversion à affiner. Besoin d'une formation complémentaire.,2
ID_0826,,Bac,10.8,C1110,65383,0.0,0,"Perte de confiance importante. Risque d'exclusion, barrière de la langue.",1
ID_0827,38.0,Bac+2,2.2,D1502,44176,1.0,0,"Profil autonome, recherche active, aucun frein périphérique identifié.",0
ID_0828,23.0,Bac+5,2.9,C1201,72160,1.0,1,Compétences à réactualiser sur les outils numériques. Motivation correcte.,1
ID_0829,18.0,Bac+2,0.8,M1705,01307,1.0,0,"Profil autonome, recherche active, aucun frein périphérique identifié.",0
ID_0830,22.0,Bac,2.0,K2106,29212,0.0,0,"Profil autonome, recherche active, aucun frein périphérique identifié.",0
ID_0831,58.0,Bac+2,1.7,G1602,59551,0.0,0,"Profil autonome, recherche active, aucun frein périphérique identifié.",1
ID_0832,29.0,Sans diplôme,0.2,G1203,35281,0.0,1,"Candidat très dynamique, mobilité nationale validée. Projet clair.",1
ID_0833,43.0,Bac+5,0.3,J1301,69055,0.0,0,,0
ID_0834,63.0,Bac,5.5,A1301,71342,1.0,1,"Perte de confiance importante. Risque d'exclusion, barrière de la langue.",2
ID_0835,51.0,,0.8,C1302,56264,1.0,0,Problème ponctuel de mobilité géographique. Zone mal desservie.,1
ID_0836,31.0,Bac,0.7,K1403,13013,0.0,0,"Profil autonome, recherche active, aucun frein périphérique identifié.",1
ID_0837,43.0,Bac+2,2.1,C1110,21649,1.0,0,Compétences à réactualiser sur les outils numériques. Motivation correcte.,0
ID_0838,62.0,Sans diplôme,4.4,H2502,71145,1.0,0,Projet de reconversion à affiner. Besoin d'une formation complémentaire.,2
ID_0839,44.0,Bac+2,0.2,K1903,59431,0.0,1,"Profil autonome, recherche active, aucun frein périphérique identifié.",1
ID_0840,26.0,Bac,2.6,N1101,58067,0.0,0,"Candidat très dynamique, mobilité nationale validée. Projet clair.",1
ID_0841,43.0,Bac+2,0.4,D1210,62530,1.0,1,Problème ponctuel de mobilité géographique. Zone mal desservie.,1
ID_0842,39.0,Bac+5,0.1,M1805,80122,1.0,0,Freins périphériques majeurs. Situation d'illettrisme numérique constatée.,0
ID_0843,,Bac+5,0.2,M1805,25204,1.0,0,,0
ID_0844,60.0,Bac,5.4,C1201,55110,0.0,0,Projet de reconversion à affiner. Besoin d'une formation complémentaire.,1
ID_0845,34.0,Bac,0.4,G1801,06058,0.0,0,Problème ponctuel de mobilité géographique. Zone mal desservie.,1
ID_0846,43.0,Sans diplôme,0.1,K2101,54064,0.0,0,,1
ID_0847,53.0,Bac+2,1.7,N4301,52219,1.0,0,Freins périphériques majeurs. Situation d'illettrisme numérique constatée.,1
ID_0848,18.0,Bac,5.6,M1602,51566,1.0,0,Compétences à réactualiser sur les outils numériques. Motivation correcte.,1
ID_0849,25.0,Bac,0.9,D1210,28055,0.0,0,"Perte de confiance importante. Risque d'exclusion, barrière de la langue.",0
ID_0850,52.0,Bac,1.6,M1501,01361,1.0,0,Cumul de difficultés. Pas de moyen de transport et garde d'enfants complexe.,2
ID_0851,,Sans diplôme,0.1,G1801,60540,1.0,0,Projet de reconversion à affiner. Besoin d'une formation complémentaire.,0
ID_0852,39.0,Bac+2,1.8,K2111,12243,1.0,0,Cumul de difficultés. Pas de moyen de transport et garde d'enfants complexe.,1
ID_0853,31.0,Sans diplôme,2.6,A1203,32378,1.0,0,Compétences à réactualiser sur les outils numériques. Motivation correcte.,1
ID_0854,43.0,Bac+2,2.5,K1903,19043,0.0,0,Projet de reconversion à affiner. Besoin d'une formation complémentaire.,1
ID_0855,45.0,Bac,1.2,C1501,27380,1.0,1,Problème ponctuel de mobilité géographique. Zone mal desservie.,1
ID_0856,40.0,Sans diplôme,1.1,C1302,47215,0.0,0,"Excellente présentation, compétences techniques à jour. Reprise rapide visée.",1
ID_0857,31.0,Bac,0.3,K1201,89136,0.0,0,Problème ponctuel de mobilité géographique. Zone mal desservie.,0
ID_0858,41.0,Sans diplôme,1.4,C1501,88461,1.0,0,Projet de reconversion à affiner. Besoin d'une formation complémentaire.,1
ID_0859,19.0,Bac,0.3,C1201,77055,1.0,0,"Excellente présentation, compétences techniques à jour. Reprise rapide visée.",0
ID_0860,,Bac+2,4.4,M1805,38483,1.0,0,Problème ponctuel de mobilité géographique. Zone mal desservie.,1
ID_0861,43.0,Sans diplôme,10.2,D1406,14446,1.0,0,Cumul de difficultés. Pas de moyen de transport et garde d'enfants complexe.,2
ID_0862,31.0,Bac+5,10.5,M1705,33535,1.0,0,Problème ponctuel de mobilité géographique. Zone mal desservie.,0
ID_0863,24.0,Sans diplôme,6.0,N4101,77330,1.0,0,"Candidat très dynamique, mobilité nationale validée. Projet clair.",0
ID_0864,20.0,Bac,2.8,J1506,28191,0.0,0,Freins périphériques majeurs. Situation d'illettrisme numérique constatée.,0
ID_0865,40.0,Bac+2,3.6,N4301,34224,1.0,0,Freins périphériques majeurs. Situation d'illettrisme numérique constatée.,1
ID_0866,63.0,Bac,1.0,M1805,21084,1.0,0,Projet de reconversion à affiner. Besoin d'une formation complémentaire.,1
ID_0867,60.0,Sans diplôme,3.0,N4301,60142,1.0,0,Cumul de difficultés. Pas de moyen de transport et garde d'enfants complexe.,2
ID_0868,62.0,Bac,1.8,M1805,34195,1.0,0,"Perte de confiance importante. Risque d'exclusion, barrière de la langue.",1
ID_0869,35.0,Bac,2.0,G1602,12030,1.0,0,"Candidat très dynamique, mobilité nationale validée. Projet clair.",2
ID_0870,55.0,Bac+5,4.3,A1301,62760,1.0,0,"Candidat très dynamique, mobilité nationale validée. Projet clair.",0
ID_0871,52.0,Bac,1.0,A1301,88006,1.0,1,Cumul de difficultés. Pas de moyen de transport et garde d'enfants complexe.,2
ID_0872,32.0,Bac+2,1.1,M1802,54326,1.0,0,"Perte de confiance importante. Risque d'exclusion, barrière de la langue.",0
ID_0873,42.0,Bac+5,7.8,C1501,89432,0.0,0,Problème ponctuel de mobilité géographique. Zone mal desservie.,0
ID_0874,54.0,Bac,0.2,I1304,77055,1.0,0,"Candidat très dynamique, mobilité nationale validée. Projet clair.",1
ID_0875,45.0,Bac+5,2.0,A1401,21006,1.0,0,,0
ID_0876,27.0,Bac,7.3,M1203,51112,1.0,0,"Perte de confiance importante. Risque d'exclusion, barrière de la langue.",2
ID_0877,56.0,Bac+5,2.8,C1110,14534,1.0,0,Freins périphériques majeurs. Situation d'illettrisme numérique constatée.,2
ID_0878,34.0,Sans diplôme,2.4,M1801,55518,1.0,0,Problème ponctuel de mobilité géographique. Zone mal desservie.,1
ID_0879,56.0,Bac+2,0.9,K1304,57730,1.0,0,Problème ponctuel de mobilité géographique. Zone mal desservie.,1
ID_0880,39.0,Bac,1.3,H2502,30147,1.0,0,Problème ponctuel de mobilité géographique. Zone mal desservie.,0
ID_0881,43.0,Bac,5.7,C1102,54445,0.0,0,,0
ID_0882,61.0,Bac+2,2.5,K2106,55082,1.0,1,"Perte de confiance importante. Risque d'exclusion, barrière de la langue.",2
ID_0883,42.0,Bac+2,2.2,H2502,47056,1.0,0,"Candidat très dynamique, mobilité nationale validée. Projet clair.",0
ID_0884,34.0,Sans diplôme,0.3,C1501,02260,0.0,1,Cumul de difficultés. Pas de moyen de transport et garde d'enfants complexe.,2
ID_0885,30.0,Sans diplôme,0.0,D1406,71244,1.0,0,Problème ponctuel de mobilité géographique. Zone mal desservie.,1
ID_0886,37.0,Bac+2,9.9,F1603,52232,1.0,0,Problème ponctuel de mobilité géographique. Zone mal desservie.,1
ID_0887,42.0,Bac+2,1.4,C1110,64095,1.0,0,"Perte de confiance importante. Risque d'exclusion, barrière de la langue.",1
ID_0888,21.0,Bac+5,2.8,M1802,22314,0.0,1,"Perte de confiance importante. Risque d'exclusion, barrière de la langue.",1
ID_0889,27.0,Bac+2,0.2,A1401,35240,0.0,1,Freins périphériques majeurs. Situation d'illettrisme numérique constatée.,1
ID_0890,20.0,Bac+5,3.4,C1110,64521,1.0,0,Cumul de difficultés. Pas de moyen de transport et garde d'enfants complexe.,0
ID_0891,58.0,Bac+2,8.1,M1806,88459,0.0,0,Freins périphériques majeurs. Situation d'illettrisme numérique constatée.,2
ID_0892,62.0,Bac,2.6,H2502,60598,1.0,0,Cumul de difficultés. Pas de moyen de transport et garde d'enfants complexe.,1
ID_0893,35.0,Sans diplôme,0.4,C1110,39234,0.0,0,"Profil autonome, recherche active, aucun frein périphérique identifié.",1
ID_0894,,Bac+2,2.6,K2111,68318,1.0,0,Compétences à réactualiser sur les outils numériques. Motivation correcte.,1
ID_0895,39.0,Bac+2,4.4,C1102,50258,0.0,0,"Perte de confiance importante. Risque d'exclusion, barrière de la langue.",0
ID_0896,51.0,Sans diplôme,1.6,A1301,70411,,1,Freins périphériques majeurs. Situation d'illettrisme numérique constatée.,2
ID_0897,25.0,Bac,6.4,D1503,33546,1.0,0,"Excellente présentation, compétences techniques à jour. Reprise rapide visée.",0
ID_0898,57.0,Bac+5,3.1,G1801,77027,0.0,0,Freins périphériques majeurs. Situation d'illettrisme numérique constatée.,2
ID_0899,61.0,Bac,6.9,H1206,39184,1.0,0,Projet de reconversion à affiner. Besoin d'une formation complémentaire.,1
ID_0900,36.0,Bac,2.9,D1401,30057,1.0,0,Freins périphériques majeurs. Situation d'illettrisme numérique constatée.,0
ID_0901,59.0,Bac,0.4,F1603,57578,1.0,0,Compétences à réactualiser sur les outils numériques. Motivation correcte.,0
ID_0902,58.0,Bac,1.1,K2101,76452,1.0,0,Compétences à réactualiser sur les outils numériques. Motivation correcte.,1
ID_0903,54.0,Bac,0.7,N4101,07031,0.0,0,Compétences à réactualiser sur les outils numériques. Motivation correcte.,1
ID_0904,23.0,Bac,7.2,H1206,31273,0.0,0,"Candidat très dynamique, mobilité nationale validée. Projet clair.",0
ID_0905,43.0,,4.3,K1903,80139,1.0,1,Problème ponctuel de mobilité géographique. Zone mal desservie.,2
ID_0906,51.0,Bac+2,3.4,G1203,02355,1.0,0,Cumul de difficultés. Pas de moyen de transport et garde d'enfants complexe.,2
ID_0907,62.0,Bac,1.1,M1805,05148,1.0,0,Compétences à réactualiser sur les outils numériques. Motivation correcte.,1
ID_0908,,Bac+5,0.6,N4101,60468,1.0,0,"Profil autonome, recherche active, aucun frein périphérique identifié.",0
ID_0909,54.0,Bac+5,4.2,N4101,12189,1.0,0,"Excellente présentation, compétences techniques à jour. Reprise rapide visée.",1
ID_0910,50.0,Bac,1.9,K1304,19005,0.0,0,"Candidat très dynamique, mobilité nationale validée. Projet clair.",0
ID_0911,39.0,Bac+2,0.8,N1301,23219,1.0,0,"Excellente présentation, compétences techniques à jour. Reprise rapide visée.",0
ID_0912,38.0,Bac,2.9,D1406,60005,1.0,0,"Profil autonome, recherche active, aucun frein périphérique identifié.",0
ID_0913,23.0,Bac+5,0.1,H2502,21043,1.0,1,"Excellente présentation, compétences techniques à jour. Reprise rapide visée.",1
ID_0914,23.0,Bac,1.2,N4301,21193,1.0,0,Projet de reconversion à affiner. Besoin d'une formation complémentaire.,1
ID_0915,21.0,Bac+2,1.9,M1501,63327,0.0,0,"Profil autonome, recherche active, aucun frein périphérique identifié.",1
ID_0916,47.0,Bac+2,0.5,D1503,61423,0.0,1,Cumul de difficultés. Pas de moyen de transport et garde d'enfants complexe.,1
ID_0917,28.0,Bac,12.5,K1903,57620,1.0,0,,1
ID_0918,47.0,Sans diplôme,0.7,M1607,42126,1.0,0,"Perte de confiance importante. Risque d'exclusion, barrière de la langue.",1
ID_0919,48.0,Bac+2,0.4,N1301,02284,1.0,0,Projet de reconversion à affiner. Besoin d'une formation complémentaire.,1
ID_0920,41.0,Bac+2,0.7,K1403,86249,0.0,1,Projet de reconversion à affiner. Besoin d'une formation complémentaire.,1
ID_0921,26.0,Bac,4.4,G1601,71106,0.0,0,Freins périphériques majeurs. Situation d'illettrisme numérique constatée.,0
ID_0922,20.0,Bac+2,1.7,M1607,38050,1.0,1,"Perte de confiance importante. Risque d'exclusion, barrière de la langue.",2
ID_0923,48.0,Bac,2.5,D1406,88383,0.0,0,"Profil autonome, recherche active, aucun frein périphérique identifié.",0
ID_0924,57.0,Bac+2,0.1,C1102,97113,1.0,0,"Candidat très dynamique, mobilité nationale validée. Projet clair.",1
ID_0925,54.0,Sans diplôme,0.1,G1601,27135,1.0,0,Cumul de difficultés. Pas de moyen de transport et garde d'enfants complexe.,2
ID_0926,53.0,Bac+5,1.8,G1602,86114,1.0,0,Compétences à réactualiser sur les outils numériques. Motivation correcte.,2
ID_0927,,Bac,5.1,G1602,83006,0.0,0,"Excellente présentation, compétences techniques à jour. Reprise rapide visée.",0
ID_0928,48.0,Bac,6.5,A1203,80782,1.0,0,Cumul de difficultés. Pas de moyen de transport et garde d'enfants complexe.,1
ID_0929,23.0,Sans diplôme,0.3,A1202,72049,0.0,0,Freins périphériques majeurs. Situation d'illettrisme numérique constatée.,2
ID_0930,19.0,Sans diplôme,2.3,G1302,62703,0.0,0,Problème ponctuel de mobilité géographique. Zone mal desservie.,2
ID_0931,37.0,,7.3,C1102,08185,0.0,0,"Excellente présentation, compétences techniques à jour. Reprise rapide visée.",0
ID_0932,45.0,Bac,1.5,N1101,63303,0.0,0,"Profil autonome, recherche active, aucun frein périphérique identifié.",0
ID_0933,28.0,Bac+5,5.3,K1403,23192,1.0,0,"Candidat très dynamique, mobilité nationale validée. Projet clair.",0
ID_0934,21.0,Sans diplôme,0.4,H1206,85121,0.0,0,Problème ponctuel de mobilité géographique. Zone mal desservie.,1
ID_0935,32.0,Bac,8.2,J1301,21001,0.0,0,"Candidat très dynamique, mobilité nationale validée. Projet clair.",0
ID_0936,23.0,Bac,4.2,M1806,25397,1.0,0,"Candidat très dynamique, mobilité nationale validée. Projet clair.",0
ID_0937,47.0,Sans diplôme,8.5,M1607,21703,0.0,0,Cumul de difficultés. Pas de moyen de transport et garde d'enfants complexe.,2
ID_0938,55.0,Sans diplôme,3.4,N4301,42304,1.0,0,"Perte de confiance importante. Risque d'exclusion, barrière de la langue.",2
ID_0939,19.0,Bac,1.4,G1601,62661,0.0,0,"Perte de confiance importante. Risque d'exclusion, barrière de la langue.",1
ID_0940,,Bac,8.4,D1401,31559,0.0,0,Cumul de difficultés. Pas de moyen de transport et garde d'enfants complexe.,1
ID_0941,,Bac,1.0,C1302,24024,1.0,1,"Profil autonome, recherche active, aucun frein périphérique identifié.",0
ID_0942,25.0,Bac,1.2,F1603,71366,0.0,0,Cumul de difficultés. Pas de moyen de transport et garde d'enfants complexe.,2
ID_0943,43.0,Bac,3.6,K2106,36019,1.0,0,"Perte de confiance importante. Risque d'exclusion, barrière de la langue.",0
ID_0944,62.0,Sans diplôme,4.3,H2502,31029,,0,"Profil autonome, recherche active, aucun frein périphérique identifié.",2
ID_0945,61.0,Bac,8.0,A1202,65156,0.0,0,"Perte de confiance importante. Risque d'exclusion, barrière de la langue.",1
ID_0946,22.0,Bac+5,0.7,D1401,64456,0.0,0,Compétences à réactualiser sur les outils numériques. Motivation correcte.,1
ID_0947,23.0,Bac,4.8,K1903,59419,0.0,0,Compétences à réactualiser sur les outils numériques. Motivation correcte.,1
ID_0948,43.0,Bac+2,4.0,G1302,87004,0.0,0,Problème ponctuel de mobilité géographique. Zone mal desservie.,1
ID_0949,21.0,Bac,0.2,A1203,62380,1.0,0,Compétences à réactualiser sur les outils numériques. Motivation correcte.,1
ID_0950,36.0,,1.5,K2101,27481,1.0,0,"Profil autonome, recherche active, aucun frein périphérique identifié.",0
ID_0951,37.0,Bac+2,1.0,N1301,77333,0.0,0,,0
ID_0952,50.0,Bac,1.1,A1401,38426,1.0,0,,1
ID_0953,37.0,Bac+5,12.2,C1302,14106,1.0,0,Problème ponctuel de mobilité géographique. Zone mal desservie.,0
ID_0954,29.0,Sans diplôme,3.1,M1607,72373,1.0,0,Cumul de difficultés. Pas de moyen de transport et garde d'enfants complexe.,2
ID_0955,18.0,Sans diplôme,3.8,K2111,34325,1.0,0,Compétences à réactualiser sur les outils numériques. Motivation correcte.,1
ID_0956,43.0,Bac+2,11.3,C1102,02183,1.0,0,"Excellente présentation, compétences techniques à jour. Reprise rapide visée.",0
ID_0957,31.0,Bac+5,1.4,C1501,07157,0.0,0,"Perte de confiance importante. Risque d'exclusion, barrière de la langue.",0
ID_0958,55.0,Sans diplôme,4.9,G1302,06153,0.0,0,Cumul de difficultés. Pas de moyen de transport et garde d'enfants complexe.,2
ID_0959,,Bac,1.7,M1806,42315,1.0,0,"Excellente présentation, compétences techniques à jour. Reprise rapide visée.",1
ID_0960,28.0,Sans diplôme,6.1,H1206,54289,1.0,0,,0
ID_0961,53.0,Bac,0.6,H1206,51613,1.0,0,Problème ponctuel de mobilité géographique. Zone mal desservie.,1
ID_0962,30.0,Bac+2,8.9,N1101,50490,1.0,0,Compétences à réactualiser sur les outils numériques. Motivation correcte.,1
ID_0963,60.0,Bac,0.7,M1602,11345,1.0,0,Freins périphériques majeurs. Situation d'illettrisme numérique constatée.,2
ID_0964,20.0,Bac,1.2,K2106,24162,1.0,0,"Candidat très dynamique, mobilité nationale validée. Projet clair.",0
ID_0965,50.0,Bac,4.2,I1304,10288,1.0,0,"Candidat très dynamique, mobilité nationale validée. Projet clair.",0
ID_0966,23.0,Sans diplôme,1.5,H2502,46008,1.0,0,Projet de reconversion à affiner. Besoin d'une formation complémentaire.,1
ID_0967,27.0,Bac,2.8,A1202,77387,0.0,0,"Profil autonome, recherche active, aucun frein périphérique identifié.",1
ID_0968,22.0,Bac+2,1.8,M1602,54050,0.0,0,Projet de reconversion à affiner. Besoin d'une formation complémentaire.,2
ID_0969,40.0,Bac+5,4.1,N1301,12140,0.0,0,"Candidat très dynamique, mobilité nationale validée. Projet clair.",1
ID_0970,,Bac+5,0.8,M1501,2A331,1.0,0,"Excellente présentation, compétences techniques à jour. Reprise rapide visée.",0
ID_0971,61.0,Sans diplôme,0.2,M1805,58029,0.0,0,Problème ponctuel de mobilité géographique. Zone mal desservie.,0
ID_0972,19.0,Bac+5,1.1,A1501,62315,1.0,0,"Profil autonome, recherche active, aucun frein périphérique identifié.",0
ID_0973,30.0,Bac+2,1.9,K2106,52546,0.0,0,"Profil autonome, recherche active, aucun frein périphérique identifié.",0
ID_0974,57.0,Bac+2,0.6,A1401,56094,1.0,0,"Excellente présentation, compétences techniques à jour. Reprise rapide visée.",0
ID_0975,19.0,Bac,1.3,K2111,27185,0.0,0,"Perte de confiance importante. Risque d'exclusion, barrière de la langue.",0
ID_0976,37.0,Bac,1.5,M1801,57602,0.0,0,"Profil autonome, recherche active, aucun frein périphérique identifié.",1
ID_0977,18.0,Bac,0.2,H2502,14270,,0,Compétences à réactualiser sur les outils numériques. Motivation correcte.,1
ID_0978,54.0,Sans diplôme,2.6,W1401,79090,1.0,0,"Profil autonome, recherche active, aucun frein périphérique identifié.",2
ID_0979,26.0,Bac,6.5,K2101,86281,1.0,1,Freins périphériques majeurs. Situation d'illettrisme numérique constatée.,1
ID_0980,,Bac,0.5,N1101,15146,1.0,0,Compétences à réactualiser sur les outils numériques. Motivation correcte.,0
ID_0981,26.0,Bac,2.7,K1304,15098,0.0,0,Cumul de difficultés. Pas de moyen de transport et garde d'enfants complexe.,0
ID_0982,28.0,Bac+2,3.3,D1210,23098,0.0,0,Freins périphériques majeurs. Situation d'illettrisme numérique constatée.,0
ID_0983,32.0,Bac,1.6,D1401,81016,1.0,0,"Candidat très dynamique, mobilité nationale validée. Projet clair.",0
ID_0984,41.0,Sans diplôme,3.6,H1206,30332,1.0,0,"Profil autonome, recherche active, aucun frein périphérique identifié.",0
ID_0985,55.0,Bac+5,1.6,H1206,35256,1.0,0,Projet de reconversion à affiner. Besoin d'une formation complémentaire.,1
ID_0986,52.0,,2.1,M1801,33280,1.0,0,"Perte de confiance importante. Risque d'exclusion, barrière de la langue.",0
ID_0987,47.0,Bac+2,0.0,A1301,08006,1.0,0,Compétences à réactualiser sur les outils numériques. Motivation correcte.,1
ID_0988,48.0,Bac+5,3.5,A1501,81277,0.0,0,"Profil autonome, recherche active, aucun frein périphérique identifié.",0
ID_0989,22.0,Bac,3.2,K1201,02142,1.0,0,"Profil autonome, recherche active, aucun frein périphérique identifié.",1
ID_0990,61.0,Bac+5,0.1,A1401,77372,1.0,0,Freins périphériques majeurs. Situation d'illettrisme numérique constatée.,2
ID_0991,31.0,Sans diplôme,1.4,A1301,50512,1.0,0,"Candidat très dynamique, mobilité nationale validée. Projet clair.",1
ID_0992,28.0,Bac,11.6,D1210,54335,0.0,0,Problème ponctuel de mobilité géographique. Zone mal desservie.,1
ID_0993,26.0,Bac,1.6,H2502,37176,0.0,0,,0
ID_0994,51.0,Sans diplôme,2.1,K1601,40235,0.0,0,"Perte de confiance importante. Risque d'exclusion, barrière de la langue.",2
ID_0995,29.0,Sans diplôme,7.2,N4101,14724,0.0,0,"Excellente présentation, compétences techniques à jour. Reprise rapide visée.",2
ID_0996,52.0,Bac+2,3.8,M1802,25559,1.0,0,Compétences à réactualiser sur les outils numériques. Motivation correcte.,1
ID_0997,52.0,Bac+2,2.6,K1903,73253,0.0,1,"Candidat très dynamique, mobilité nationale validée. Projet clair.",2
ID_0998,18.0,Bac,4.8,D1210,17427,0.0,0,Problème ponctuel de mobilité géographique. Zone mal desservie.,1
ID_0999,57.0,Sans diplôme,6.0,I1304,03173,0.0,0,Cumul de difficultés. Pas de moyen de transport et garde d'enfants complexe.,2
ID_1000,39.0,Bac+5,1.8,J1301,59163,1.0,0,Compétences à réactualiser sur les outils numériques. Motivation correcte.,0
ID_1001,46.0,Bac+2,1.9,K1304,25393,1.0,0,"Candidat très dynamique, mobilité nationale validée. Projet clair.",0
ID_1002,25.0,Bac,1.5,I1304,59387,0.0,0,"Candidat très dynamique, mobilité nationale validée. Projet clair.",0
ID_1003,28.0,Bac+2,10.2,A1202,70536,0.0,0,"Perte de confiance importante. Risque d'exclusion, barrière de la langue.",2
ID_1004,58.0,Bac,3.6,W1401,11362,0.0,0,"Excellente présentation, compétences techniques à jour. Reprise rapide visée.",1
ID_1005,54.0,Bac,0.3,N1301,25097,1.0,0,"Candidat très dynamique, mobilité nationale validée. Projet clair.",0
ID_1006,,Bac+5,6.0,H1504,48063,0.0,0,"Candidat très dynamique, mobilité nationale validée. Projet clair.",0
ID_1007,47.0,Bac,2.0,N1303,59635,1.0,0,"Profil autonome, recherche active, aucun frein périphérique identifié.",0
ID_1008,52.0,Bac,0.2,M1801,89250,1.0,0,Projet de reconversion à affiner. Besoin d'une formation complémentaire.,1
ID_1009,38.0,Bac+5,2.4,C1110,65327,0.0,0,"Excellente présentation, compétences techniques à jour. Reprise rapide visée.",0
ID_1010,54.0,Bac+2,1.6,C1110,27578,1.0,1,Cumul de difficultés. Pas de moyen de transport et garde d'enfants complexe.,2
ID_1011,22.0,Sans diplôme,6.3,D1401,56096,0.0,0,Cumul de difficultés. Pas de moyen de transport et garde d'enfants complexe.,1
ID_1012,36.0,Sans diplôme,0.7,G1601,19114,1.0,0,Projet de reconversion à affiner. Besoin d'une formation complémentaire.,1
ID_1013,31.0,Sans diplôme,5.3,G1801,37224,0.0,0,Compétences à réactualiser sur les outils numériques. Motivation correcte.,1
ID_1014,43.0,Bac+2,2.4,D1502,36232,1.0,0,Problème ponctuel de mobilité géographique. Zone mal desservie.,1
ID_1015,21.0,Bac,0.2,H1206,68334,1.0,0,"Candidat très dynamique, mobilité nationale validée. Projet clair.",0
ID_1016,42.0,Sans diplôme,10.7,D1401,73099,1.0,0,"Excellente présentation, compétences techniques à jour. Reprise rapide visée.",1
ID_1017,62.0,Bac+5,2.2,G1801,50195,0.0,0,Projet de reconversion à affiner. Besoin d'une formation complémentaire.,1
ID_1018,59.0,Bac,1.0,J1301,71528,0.0,0,Projet de reconversion à affiner. Besoin d'une formation complémentaire.,1
ID_1019,42.0,Bac,1.9,G1601,45173,1.0,0,Problème ponctuel de mobilité géographique. Zone mal desservie.,0
ID_1020,35.0,Bac,5.9,C1302,77501,1.0,0,,0
ID_1021,57.0,Bac+2,1.1,C1102,57659,1.0,0,Problème ponctuel de mobilité géographique. Zone mal desservie.,1
ID_1022,25.0,Sans diplôme,0.6,C1201,63415,0.0,0,Projet de reconversion à affiner. Besoin d'une formation complémentaire.,0
ID_1023,56.0,Bac,0.4,D1502,24184,0.0,0,Cumul de difficultés. Pas de moyen de transport et garde d'enfants complexe.,1
ID_1024,57.0,Bac+5,1.1,M1501,59164,1.0,1,"Excellente présentation, compétences techniques à jour. Reprise rapide visée.",1
ID_1025,31.0,Bac,4.5,A1401,10052,0.0,0,"Profil autonome, recherche active, aucun frein périphérique identifié.",0
ID_1026,49.0,Bac,1.9,H1206,65277,0.0,0,Compétences à réactualiser sur les outils numériques. Motivation correcte.,0
ID_1027,55.0,Bac,0.8,I1304,81060,0.0,0,,1
ID_1028,50.0,Sans diplôme,0.5,H2502,21196,1.0,0,"Profil autonome, recherche active, aucun frein périphérique identifié.",0
ID_1029,40.0,Sans diplôme,1.2,M1602,61074,1.0,0,Freins périphériques majeurs. Situation d'illettrisme numérique constatée.,2
ID_1030,32.0,Bac,8.4,J1506,2B226,1.0,0,Freins périphériques majeurs. Situation d'illettrisme numérique constatée.,2
ID_1031,50.0,Bac,1.3,A1401,28358,,1,Compétences à réactualiser sur les outils numériques. Motivation correcte.,1
ID_1032,42.0,Sans diplôme,13.3,C1501,69098,1.0,0,"Perte de confiance importante. Risque d'exclusion, barrière de la langue.",2
ID_1033,34.0,Bac+5,2.0,K1304,60227,1.0,0,Problème ponctuel de mobilité géographique. Zone mal desservie.,0
ID_1034,50.0,Bac+5,0.6,C1110,37039,0.0,1,Compétences à réactualiser sur les outils numériques. Motivation correcte.,1
ID_1035,19.0,Bac+2,6.7,H2502,76034,1.0,0,Projet de reconversion à affiner. Besoin d'une formation complémentaire.,1
ID_1036,,Bac+5,1.9,G1601,01064,1.0,0,"Excellente présentation, compétences techniques à jour. Reprise rapide visée.",1
ID_1037,57.0,Bac,3.7,D1406,86098,0.0,0,"Perte de confiance importante. Risque d'exclusion, barrière de la langue.",2
ID_1038,57.0,Bac+5,12.4,N1303,25209,1.0,0,Problème ponctuel de mobilité géographique. Zone mal desservie.,2
ID_1039,56.0,Sans diplôme,0.2,M1705,66195,0.0,0,"Perte de confiance importante. Risque d'exclusion, barrière de la langue.",2
ID_1040,23.0,Bac+5,0.3,A1401,60317,1.0,0,"Candidat très dynamique, mobilité nationale validée. Projet clair.",0
ID_1041,23.0,Bac+5,3.8,K2106,02232,0.0,0,"Candidat très dynamique, mobilité nationale validée. Projet clair.",0
ID_1042,20.0,Bac+2,1.0,K2106,24222,0.0,0,Freins périphériques majeurs. Situation d'illettrisme numérique constatée.,0
ID_1043,24.0,Bac+5,0.6,M1802,71451,0.0,0,"Perte de confiance importante. Risque d'exclusion, barrière de la langue.",0
ID_1044,25.0,Bac,0.1,N4101,2B036,1.0,1,Projet de reconversion à affiner. Besoin d'une formation complémentaire.,1
ID_1045,59.0,Bac,0.1,H2502,21418,1.0,0,Problème ponctuel de mobilité géographique. Zone mal desservie.,1
ID_1046,32.0,Bac,4.5,K1601,70362,1.0,0,Compétences à réactualiser sur les outils numériques. Motivation correcte.,1
ID_1047,46.0,Bac,0.4,M1602,64432,1.0,0,Cumul de difficultés. Pas de moyen de transport et garde d'enfants complexe.,1
ID_1048,50.0,Sans diplôme,1.9,M1806,70167,1.0,0,"Profil autonome, recherche active, aucun frein périphérique identifié.",1
ID_1049,47.0,Bac+2,2.8,A1202,80535,0.0,0,"Excellente présentation, compétences techniques à jour. Reprise rapide visée.",0
ID_1050,56.0,Bac+5,1.7,D1406,02576,1.0,0,"Candidat très dynamique, mobilité nationale validée. Projet clair.",0
ID_1051,44.0,Sans diplôme,0.1,M1805,72125,0.0,0,"Candidat très dynamique, mobilité nationale validée. Projet clair.",1
ID_1052,,,4.6,N1101,26173,0.0,0,Problème ponctuel de mobilité géographique. Zone mal desservie.,1
ID_1053,46.0,Bac+5,0.0,I1304,50629,1.0,0,"Excellente présentation, compétences techniques à jour. Reprise rapide visée.",0
ID_1054,55.0,Bac+5,4.3,N1101,33015,0.0,0,Freins périphériques majeurs. Situation d'illettrisme numérique constatée.,0
ID_1055,50.0,Bac+5,6.7,H1504,85033,0.0,0,Freins périphériques majeurs. Situation d'illettrisme numérique constatée.,0
ID_1056,54.0,Bac,1.7,A1401,27522,1.0,1,"Perte de confiance importante. Risque d'exclusion, barrière de la langue.",2
ID_1057,44.0,Bac+5,2.3,M1802,21341,1.0,1,"Excellente présentation, compétences techniques à jour. Reprise rapide visée.",0
ID_1058,50.0,Bac+2,1.9,C1501,71347,1.0,1,Freins périphériques majeurs. Situation d'illettrisme numérique constatée.,2
ID_1059,21.0,Sans diplôme,1.5,A1501,64159,1.0,1,Cumul de difficultés. Pas de moyen de transport et garde d'enfants complexe.,2
ID_1060,39.0,Bac,6.6,G1602,53151,1.0,0,Compétences à réactualiser sur les outils numériques. Motivation correcte.,0
ID_1061,19.0,Bac+2,6.7,K1403,52316,1.0,0,Compétences à réactualiser sur les outils numériques. Motivation correcte.,1
ID_1062,27.0,Bac,1.2,W1401,18040,0.0,0,Compétences à réactualiser sur les outils numériques. Motivation correcte.,1
ID_1063,,Bac+2,2.9,D1503,73082,0.0,0,Compétences à réactualiser sur les outils numériques. Motivation correcte.,1
ID_1064,27.0,Bac+2,7.8,M1705,44158,1.0,1,,2
ID_1065,50.0,Sans diplôme,9.8,M1806,62617,0.0,0,Problème ponctuel de mobilité géographique. Zone mal desservie.,1
ID_1066,55.0,Bac,2.1,M1501,12277,1.0,0,Cumul de difficultés. Pas de moyen de transport et garde d'enfants complexe.,2
ID_1067,30.0,Bac+2,1.8,M1806,06036,1.0,0,"Profil autonome, recherche active, aucun frein périphérique identifié.",0
ID_1068,48.0,Bac,1.0,D1503,79132,0.0,0,Problème ponctuel de mobilité géographique. Zone mal desservie.,1
ID_1069,53.0,Sans diplôme,9.6,H2502,78202,0.0,0,Freins périphériques majeurs. Situation d'illettrisme numérique constatée.,2
ID_1070,62.0,Sans diplôme,0.5,A1501,28342,0.0,0,Freins périphériques majeurs. Situation d'illettrisme numérique constatée.,1
ID_1071,41.0,Bac,2.6,M1802,70485,0.0,0,"Excellente présentation, compétences techniques à jour. Reprise rapide visée.",0
ID_1072,32.0,Bac+5,1.0,K1403,09187,0.0,1,Projet de reconversion à affiner. Besoin d'une formation complémentaire.,1
ID_1073,,Bac,1.0,C1201,06144,1.0,0,"Profil autonome, recherche active, aucun frein périphérique identifié.",0
ID_1074,25.0,Bac+2,1.6,A1301,22119,1.0,0,Problème ponctuel de mobilité géographique. Zone mal desservie.,1
ID_1075,22.0,Bac,20.2,N1303,34204,1.0,0,"Perte de confiance importante. Risque d'exclusion, barrière de la langue.",1
ID_1076,46.0,Bac,0.2,H1504,67407,0.0,0,Problème ponctuel de mobilité géographique. Zone mal desservie.,1
ID_1077,21.0,Bac+5,2.6,M1805,01054,0.0,0,Cumul de difficultés. Pas de moyen de transport et garde d'enfants complexe.,0
ID_1078,,Bac+2,0.3,G1302,43096,1.0,1,Compétences à réactualiser sur les outils numériques. Motivation correcte.,1
ID_1079,62.0,Sans diplôme,0.5,G1601,85010,1.0,0,Freins périphériques majeurs. Situation d'illettrisme numérique constatée.,2
ID_1080,19.0,Bac,1.7,A1501,24004,1.0,1,"Candidat très dynamique, mobilité nationale validée. Projet clair.",1
ID_1081,44.0,Sans diplôme,2.1,M1805,70399,1.0,0,"Candidat très dynamique, mobilité nationale validée. Projet clair.",1
ID_1082,48.0,Bac,0.9,M1802,62585,1.0,0,Cumul de difficultés. Pas de moyen de transport et garde d'enfants complexe.,0
ID_1083,53.0,Bac+2,1.1,M1802,59213,1.0,0,"Excellente présentation, compétences techniques à jour. Reprise rapide visée.",0
ID_1084,53.0,Sans diplôme,0.3,K2111,51027,0.0,0,"Perte de confiance importante. Risque d'exclusion, barrière de la langue.",2
ID_1085,43.0,Bac,1.1,I1304,07208,1.0,0,Cumul de difficultés. Pas de moyen de transport et garde d'enfants complexe.,0
ID_1086,60.0,Bac,10.2,M1203,67292,0.0,0,"Excellente présentation, compétences techniques à jour. Reprise rapide visée.",2
ID_1087,44.0,Bac+5,8.7,N4301,64344,1.0,0,Compétences à réactualiser sur les outils numériques. Motivation correcte.,1
ID_1088,22.0,Bac+5,1.2,G1801,25563,1.0,0,"Excellente présentation, compétences techniques à jour. Reprise rapide visée.",0
ID_1089,37.0,Sans diplôme,2.5,K2106,61020,0.0,1,Compétences à réactualiser sur les outils numériques. Motivation correcte.,2
ID_1090,28.0,Bac+2,7.2,M1203,52053,0.0,0,Projet de reconversion à affiner. Besoin d'une formation complémentaire.,1
ID_1091,27.0,Bac,0.0,M1602,63443,0.0,1,Problème ponctuel de mobilité géographique. Zone mal desservie.,1
ID_1092,57.0,Bac,5.0,M1806,88127,0.0,0,Problème ponctuel de mobilité géographique. Zone mal desservie.,1
ID_1093,55.0,Bac+2,8.9,C1501,63087,0.0,0,"Perte de confiance importante. Risque d'exclusion, barrière de la langue.",2
ID_1094,23.0,Bac+5,0.3,D1502,47296,0.0,0,"Profil autonome, recherche active, aucun frein périphérique identifié.",0
ID_1095,25.0,Bac+5,0.5,C1110,89098,,0,Problème ponctuel de mobilité géographique. Zone mal desservie.,0
ID_1096,40.0,Bac,9.7,M1607,24573,0.0,0,Freins périphériques majeurs. Situation d'illettrisme numérique constatée.,1
ID_1097,,Bac,2.3,G1801,02346,1.0,0,Projet de reconversion à affiner. Besoin d'une formation complémentaire.,1
ID_1098,63.0,Bac+2,0.0,N1301,80169,0.0,0,Compétences à réactualiser sur les outils numériques. Motivation correcte.,1
ID_1099,60.0,Bac,0.9,C1302,28281,0.0,0,Compétences à réactualiser sur les outils numériques. Motivation correcte.,1
ID_1100,29.0,Bac,1.8,M1802,07104,1.0,0,Projet de reconversion à affiner. Besoin d'une formation complémentaire.,1
ID_1101,43.0,Bac,3.5,N1303,56119,1.0,0,Compétences à réactualiser sur les outils numériques. Motivation correcte.,0
ID_1102,,Bac+2,4.0,N1101,71313,1.0,0,"Profil autonome, recherche active, aucun frein périphérique identifié.",0
ID_1103,57.0,Bac,16.2,A1203,49027,0.0,1,Cumul de difficultés. Pas de moyen de transport et garde d'enfants complexe.,2
ID_1104,35.0,Sans diplôme,1.0,N1303,85072,1.0,0,Projet de reconversion à affiner. Besoin d'une formation complémentaire.,1
ID_1105,42.0,Bac+5,2.3,M1806,71182,1.0,0,"Profil autonome, recherche active, aucun frein périphérique identifié.",0
ID_1106,50.0,Sans diplôme,2.3,N1101,86289,,0,Compétences à réactualiser sur les outils numériques. Motivation correcte.,1
ID_1107,57.0,Bac,1.6,K2111,11389,1.0,0,Problème ponctuel de mobilité géographique. Zone mal desservie.,1
ID_1108,60.0,Bac,0.6,A1401,60369,1.0,0,Projet de reconversion à affiner. Besoin d'une formation complémentaire.,1
ID_1109,29.0,Sans diplôme,11.4,G1601,80827,1.0,0,Freins périphériques majeurs. Situation d'illettrisme numérique constatée.,2
ID_1110,61.0,Sans diplôme,5.8,N1101,57524,1.0,0,"Profil autonome, recherche active, aucun frein périphérique identifié.",2
ID_1111,53.0,Sans diplôme,2.1,M1602,01017,1.0,0,"Perte de confiance importante. Risque d'exclusion, barrière de la langue.",2
ID_1112,21.0,Bac+5,2.8,A1203,66090,1.0,0,"Perte de confiance importante. Risque d'exclusion, barrière de la langue.",2
ID_1113,22.0,Bac,0.8,G1302,43062,1.0,0,Compétences à réactualiser sur les outils numériques. Motivation correcte.,1
ID_1114,54.0,Bac+5,2.4,K2101,57567,0.0,0,"Excellente présentation, compétences techniques à jour. Reprise rapide visée.",0
ID_1115,25.0,Bac,3.6,N4101,81126,1.0,0,"Perte de confiance importante. Risque d'exclusion, barrière de la langue.",2
ID_1116,59.0,Bac,2.2,D1401,39333,0.0,0,Compétences à réactualiser sur les outils numériques. Motivation correcte.,1
ID_1117,45.0,Bac,13.9,A1203,65073,1.0,0,Projet de reconversion à affiner. Besoin d'une formation complémentaire.,1
ID_1118,48.0,Bac,2.8,M1203,27533,1.0,0,Cumul de difficultés. Pas de moyen de transport et garde d'enfants complexe.,0
ID_1119,,Bac+2,1.4,C1201,19120,0.0,0,"Candidat très dynamique, mobilité nationale validée. Projet clair.",0
ID_1120,46.0,Bac,4.4,M1802,55584,,0,"Profil autonome, recherche active, aucun frein périphérique identifié.",0
ID_1121,31.0,Bac,0.6,M1805,25150,0.0,0,Freins périphériques majeurs. Situation d'illettrisme numérique constatée.,0
ID_1122,57.0,Bac+5,1.5,I1304,57311,0.0,0,Freins périphériques majeurs. Situation d'illettrisme numérique constatée.,2
ID_1123,58.0,Bac+5,1.3,C1102,14593,0.0,0,Projet de reconversion à affiner. Besoin d'une formation complémentaire.,1
ID_1124,39.0,Bac+5,1.7,C1501,23224,0.0,0,"Candidat très dynamique, mobilité nationale validée. Projet clair.",0
ID_1125,28.0,Bac,4.6,N1301,70421,0.0,0,"Candidat très dynamique, mobilité nationale validée. Projet clair.",0
ID_1126,40.0,,2.0,D1502,94065,1.0,0,Cumul de difficultés. Pas de moyen de transport et garde d'enfants complexe.,1
ID_1127,18.0,Bac,4.7,C1501,36082,1.0,0,Projet de reconversion à affiner. Besoin d'une formation complémentaire.,1
ID_1128,63.0,Bac,2.6,D1502,95309,0.0,0,"Perte de confiance importante. Risque d'exclusion, barrière de la langue.",2
ID_1129,,Bac,1.3,A1501,21273,1.0,0,"Candidat très dynamique, mobilité nationale validée. Projet clair.",1
ID_1130,38.0,Bac,5.0,H1206,80489,0.0,0,"Profil autonome, recherche active, aucun frein périphérique identifié.",1
ID_1131,43.0,Sans diplôme,0.8,G1801,78431,0.0,0,Problème ponctuel de mobilité géographique. Zone mal desservie.,1
ID_1132,63.0,Bac,0.8,D1210,08029,0.0,0,"Profil autonome, recherche active, aucun frein périphérique identifié.",0
ID_1133,,Bac+5,2.1,K2101,02389,1.0,0,Problème ponctuel de mobilité géographique. Zone mal desservie.,1
ID_1134,40.0,Bac,0.9,C1501,62438,1.0,0,Projet de reconversion à affiner. Besoin d'une formation complémentaire.,1
ID_1135,18.0,Sans diplôme,0.0,D1406,67494,0.0,0,Problème ponctuel de mobilité géographique. Zone mal desservie.,2
ID_1136,,Sans diplôme,3.1,K2101,61453,0.0,0,Compétences à réactualiser sur les outils numériques. Motivation correcte.,2
ID_1137,32.0,Bac+5,2.1,K1601,57704,0.0,0,"Excellente présentation, compétences techniques à jour. Reprise rapide visée.",0
ID_1138,38.0,Bac,1.8,G1801,29280,1.0,0,,0
ID_1139,26.0,Bac,10.2,G1801,83098,1.0,0,"Candidat très dynamique, mobilité nationale validée. Projet clair.",1
ID_1140,26.0,Bac+5,2.5,M1203,71407,0.0,0,"Candidat très dynamique, mobilité nationale validée. Projet clair.",0
ID_1141,27.0,Bac+5,6.0,M1705,27097,1.0,0,"Excellente présentation, compétences techniques à jour. Reprise rapide visée.",0
ID_1142,43.0,Bac,0.5,J1506,53038,0.0,0,"Candidat très dynamique, mobilité nationale validée. Projet clair.",0
ID_1143,,Bac+2,2.5,G1601,68032,1.0,0,Compétences à réactualiser sur les outils numériques. Motivation correcte.,1
ID_1144,52.0,Bac+2,6.1,H1206,73274,1.0,0,Projet de reconversion à affiner. Besoin d'une formation complémentaire.,1
ID_1145,42.0,Bac+2,2.6,G1601,22185,1.0,0,"Profil autonome, recherche active, aucun frein périphérique identifié.",0
ID_1146,43.0,Sans diplôme,3.8,N4301,77151,1.0,0,"Perte de confiance importante. Risque d'exclusion, barrière de la langue.",0
ID_1147,28.0,Bac+5,1.4,C1302,11095,1.0,1,Freins périphériques majeurs. Situation d'illettrisme numérique constatée.,1
ID_1148,55.0,Bac,0.3,C1102,29291,0.0,1,Compétences à réactualiser sur les outils numériques. Motivation correcte.,1
ID_1149,19.0,Bac,1.8,G1801,71425,0.0,0,Freins périphériques majeurs. Situation d'illettrisme numérique constatée.,1
ID_1150,24.0,Bac,1.5,D1210,02110,1.0,0,"Profil autonome, recherche active, aucun frein périphérique identifié.",0
ID_1151,35.0,Sans diplôme,6.1,K1403,23022,0.0,0,Compétences à réactualiser sur les outils numériques. Motivation correcte.,0
ID_1152,44.0,Sans diplôme,0.8,N4101,14329,0.0,0,"Profil autonome, recherche active, aucun frein périphérique identifié.",1
ID_1153,51.0,Bac+2,10.2,K1403,15133,1.0,0,Projet de reconversion à affiner. Besoin d'une formation complémentaire.,2
ID_1154,44.0,Sans diplôme,9.5,A1203,86086,1.0,0,"Profil autonome, recherche active, aucun frein périphérique identifié.",0
ID_1155,34.0,Bac,0.9,G1601,16301,1.0,0,"Excellente présentation, compétences techniques à jour. Reprise rapide visée.",0
ID_1156,60.0,Bac,1.3,D1210,47200,1.0,0,Compétences à réactualiser sur les outils numériques. Motivation correcte.,1
ID_1157,61.0,Sans diplôme,6.8,M1802,25375,1.0,0,"Perte de confiance importante. Risque d'exclusion, barrière de la langue.",2
ID_1158,41.0,Bac+5,10.2,C1110,24409,0.0,1,"Profil autonome, recherche active, aucun frein périphérique identifié.",0
ID_1159,42.0,Bac,1.8,G1203,80384,1.0,0,Compétences à réactualiser sur les outils numériques. Motivation correcte.,1
ID_1160,24.0,Bac,1.2,C1501,42042,1.0,1,Compétences à réactualiser sur les outils numériques. Motivation correcte.,1
ID_1161,23.0,Bac,2.2,M1501,31344,0.0,0,"Profil autonome, recherche active, aucun frein périphérique identifié.",0
ID_1162,41.0,Bac,3.5,I1304,50370,0.0,0,"Candidat très dynamique, mobilité nationale validée. Projet clair.",0
ID_1163,50.0,Sans diplôme,1.0,N1303,04129,0.0,0,Cumul de difficultés. Pas de moyen de transport et garde d'enfants complexe.,2
ID_1164,46.0,Bac+2,4.0,A1202,06150,1.0,0,Problème ponctuel de mobilité géographique. Zone mal desservie.,1
ID_1165,60.0,Bac+5,0.2,G1602,11004,1.0,0,Compétences à réactualiser sur les outils numériques. Motivation correcte.,1
ID_1166,39.0,Bac,0.2,D1210,22003,1.0,1,Projet de reconversion à affiner. Besoin d'une formation complémentaire.,1
ID_1167,43.0,Bac+2,1.5,G1801,42135,1.0,1,"Candidat très dynamique, mobilité nationale validée. Projet clair.",1
ID_1168,45.0,Bac+2,1.3,G1203,55197,0.0,0,Problème ponctuel de mobilité géographique. Zone mal desservie.,1
ID_1169,38.0,Bac+5,1.1,G1801,31583,1.0,0,Projet de reconversion à affiner. Besoin d'une formation complémentaire.,0
ID_1170,24.0,Bac,2.0,M1705,48139,1.0,0,"Profil autonome, recherche active, aucun frein périphérique identifié.",0
ID_1171,34.0,Bac,1.2,M1802,89388,0.0,0,"Profil autonome, recherche active, aucun frein périphérique identifié.",0
ID_1172,37.0,Bac,0.6,J1301,14089,1.0,0,"Profil autonome, recherche active, aucun frein périphérique identifié.",0
ID_1173,,Bac+2,1.1,N4101,61498,0.0,0,"Candidat très dynamique, mobilité nationale validée. Projet clair.",1
ID_1174,,Bac+5,11.1,N1301,27199,1.0,0,"Perte de confiance importante. Risque d'exclusion, barrière de la langue.",0
ID_1175,39.0,Sans diplôme,1.6,A1202,25164,1.0,0,Cumul de difficultés. Pas de moyen de transport et garde d'enfants complexe.,1
ID_1176,45.0,Bac,1.8,N1303,67348,1.0,0,Projet de reconversion à affiner. Besoin d'une formation complémentaire.,1
ID_1177,57.0,Bac+5,2.6,K1903,49110,1.0,0,Problème ponctuel de mobilité géographique. Zone mal desservie.,1
ID_1178,24.0,Bac+5,12.3,H1504,54390,0.0,0,"Perte de confiance importante. Risque d'exclusion, barrière de la langue.",2
ID_1179,18.0,Bac+5,0.8,G1602,10409,1.0,1,Compétences à réactualiser sur les outils numériques. Motivation correcte.,1
ID_1180,49.0,Bac+2,3.4,J1301,05080,0.0,0,"Candidat très dynamique, mobilité nationale validée. Projet clair.",0
ID_1181,30.0,Bac,3.8,G1801,76685,1.0,0,Cumul de difficultés. Pas de moyen de transport et garde d'enfants complexe.,1
ID_1182,47.0,Bac,2.8,M1705,15159,1.0,0,"Perte de confiance importante. Risque d'exclusion, barrière de la langue.",0
ID_1183,40.0,Bac+2,0.3,C1501,65450,1.0,1,"Profil autonome, recherche active, aucun frein périphérique identifié.",1
ID_1184,36.0,Sans diplôme,3.4,M1501,59016,0.0,0,Projet de reconversion à affiner. Besoin d'une formation complémentaire.,1
ID_1185,49.0,Bac,0.2,K1201,54260,1.0,0,"Profil autonome, recherche active, aucun frein périphérique identifié.",0
ID_1186,47.0,Bac+2,2.7,D1503,65200,1.0,0,,1
ID_1187,46.0,Sans diplôme,4.0,M1806,26051,1.0,0,"Perte de confiance importante. Risque d'exclusion, barrière de la langue.",1
ID_1188,62.0,Bac+2,0.7,G1203,36194,0.0,0,Problème ponctuel de mobilité géographique. Zone mal desservie.,1
ID_1189,46.0,Bac,5.5,M1705,35275,0.0,1,Compétences à réactualiser sur les outils numériques. Motivation correcte.,1
ID_1190,47.0,Bac+5,0.1,G1801,21581,0.0,0,"Perte de confiance importante. Risque d'exclusion, barrière de la langue.",0
ID_1191,33.0,,5.6,M1705,39434,1.0,1,Compétences à réactualiser sur les outils numériques. Motivation correcte.,1
ID_1192,57.0,Bac,1.9,K2101,61218,1.0,0,Freins périphériques majeurs. Situation d'illettrisme numérique constatée.,1
ID_1193,36.0,Bac+2,0.7,G1203,72196,1.0,0,"Profil autonome, recherche active, aucun frein périphérique identifié.",1
ID_1194,35.0,Bac,0.4,M1602,55570,0.0,0,Cumul de difficultés. Pas de moyen de transport et garde d'enfants complexe.,2
ID_1195,18.0,Bac+2,9.2,M1805,10145,0.0,0,Cumul de difficultés. Pas de moyen de transport et garde d'enfants complexe.,0
ID_1196,31.0,Bac+2,0.2,M1806,77031,1.0,0,"Excellente présentation, compétences techniques à jour. Reprise rapide visée.",0
ID_1197,19.0,Sans diplôme,0.7,K1601,24241,1.0,1,Freins périphériques majeurs. Situation d'illettrisme numérique constatée.,2
ID_1198,45.0,Bac,1.3,M1602,67027,1.0,0,Compétences à réactualiser sur les outils numériques. Motivation correcte.,1
ID_1199,47.0,Bac,2.9,G1801,62499,1.0,0,"Profil autonome, recherche active, aucun frein périphérique identifié.",0
ID_1200,55.0,Bac,2.4,G1801,46283,1.0,0,Projet de reconversion à affiner. Besoin d'une formation complémentaire.,1
ID_1201,21.0,,0.4,K1201,38286,1.0,0,Cumul de difficultés. Pas de moyen de transport et garde d'enfants complexe.,0
ID_1202,18.0,Bac+5,1.0,F1603,02500,1.0,0,Projet de reconversion à affiner. Besoin d'une formation complémentaire.,1
ID_1203,25.0,Bac+2,0.8,H1206,67330,1.0,1,Problème ponctuel de mobilité géographique. Zone mal desservie.,1
ID_1204,46.0,Bac+2,0.7,N1101,43100,0.0,0,"Perte de confiance importante. Risque d'exclusion, barrière de la langue.",0
ID_1205,56.0,Bac,1.6,A1202,81067,0.0,0,Projet de reconversion à affiner. Besoin d'une formation complémentaire.,1
ID_1206,20.0,Bac+5,3.7,M1602,57519,0.0,0,,1
ID_1207,49.0,Bac+2,0.7,N1303,56061,1.0,0,"Profil autonome, recherche active, aucun frein périphérique identifié.",0
ID_1208,27.0,Bac+2,1.4,H1504,44063,0.0,0,"Excellente présentation, compétences techniques à jour. Reprise rapide visée.",0
ID_1209,27.0,Bac+5,1.5,G1601,92009,0.0,0,Freins périphériques majeurs. Situation d'illettrisme numérique constatée.,2
ID_1210,36.0,Bac,11.2,A1301,62510,0.0,0,Projet de reconversion à affiner. Besoin d'une formation complémentaire.,1
ID_1211,63.0,Bac+5,9.3,D1406,72299,1.0,0,Problème ponctuel de mobilité géographique. Zone mal desservie.,1
ID_1212,51.0,Sans diplôme,4.8,M1805,32025,0.0,0,Projet de reconversion à affiner. Besoin d'une formation complémentaire.,1
ID_1213,50.0,Bac,0.8,A1301,62080,1.0,0,Projet de reconversion à affiner. Besoin d'une formation complémentaire.,1
ID_1214,40.0,Bac,0.2,K1304,16276,0.0,0,"Excellente présentation, compétences techniques à jour. Reprise rapide visée.",0
ID_1215,45.0,Bac+5,1.1,M1802,21036,0.0,0,Compétences à réactualiser sur les outils numériques. Motivation correcte.,0
ID_1216,49.0,Bac+5,0.9,M1602,14680,1.0,0,"Excellente présentation, compétences techniques à jour. Reprise rapide visée.",0
ID_1217,24.0,Bac+2,2.1,K1304,57299,0.0,0,Projet de reconversion à affiner. Besoin d'une formation complémentaire.,1
ID_1218,46.0,,4.5,A1301,71234,0.0,0,Problème ponctuel de mobilité géographique. Zone mal desservie.,1
ID_1219,25.0,Bac,5.9,H1206,79119,0.0,1,"Profil autonome, recherche active, aucun frein périphérique identifié.",0
ID_1220,,Bac+5,5.6,N4101,38343,1.0,0,"Excellente présentation, compétences techniques à jour. Reprise rapide visée.",0
ID_1221,20.0,Bac,1.3,C1110,05058,1.0,0,"Perte de confiance importante. Risque d'exclusion, barrière de la langue.",2
ID_1222,41.0,Bac,3.5,D1502,76304,0.0,0,Projet de reconversion à affiner. Besoin d'une formation complémentaire.,1
ID_1223,40.0,Sans diplôme,1.1,M1802,50447,0.0,0,Projet de reconversion à affiner. Besoin d'une formation complémentaire.,1
ID_1224,25.0,Bac+2,0.2,G1203,10140,1.0,0,Projet de reconversion à affiner. Besoin d'une formation complémentaire.,1
ID_1225,54.0,Bac+2,3.6,G1801,25415,1.0,0,Projet de reconversion à affiner. Besoin d'une formation complémentaire.,1
ID_1226,20.0,Bac,0.0,C1110,02454,1.0,0,Problème ponctuel de mobilité géographique. Zone mal desservie.,1
ID_1227,50.0,Sans diplôme,1.6,N4101,37136,1.0,0,Projet de reconversion à affiner. Besoin d'une formation complémentaire.,1
ID_1228,45.0,Bac+5,1.2,K1304,02722,1.0,0,"Excellente présentation, compétences techniques à jour. Reprise rapide visée.",1
ID_1229,25.0,Sans diplôme,3.5,D1210,31271,1.0,0,"Excellente présentation, compétences techniques à jour. Reprise rapide visée.",1
ID_1230,51.0,Bac+2,4.4,M1801,58208,1.0,0,Projet de reconversion à affiner. Besoin d'une formation complémentaire.,0
ID_1231,52.0,Bac+5,1.1,J1301,46155,1.0,0,"Excellente présentation, compétences techniques à jour. Reprise rapide visée.",0
ID_1232,49.0,Bac,5.0,C1302,24462,0.0,0,Freins périphériques majeurs. Situation d'illettrisme numérique constatée.,0
ID_1233,41.0,Bac,1.0,N1101,30289,,0,Compétences à réactualiser sur les outils numériques. Motivation correcte.,1
ID_1234,31.0,Bac+2,1.8,I1304,57328,1.0,0,"Perte de confiance importante. Risque d'exclusion, barrière de la langue.",0
ID_1235,49.0,Bac+5,3.9,N4301,34045,0.0,0,Compétences à réactualiser sur les outils numériques. Motivation correcte.,1
ID_1236,63.0,Bac,3.5,C1201,28098,1.0,0,Compétences à réactualiser sur les outils numériques. Motivation correcte.,1
ID_1237,60.0,Bac+5,13.1,N1301,26019,1.0,0,"Excellente présentation, compétences techniques à jour. Reprise rapide visée.",0
ID_1238,33.0,Sans diplôme,0.8,D1401,67547,1.0,0,Compétences à réactualiser sur les outils numériques. Motivation correcte.,1
ID_1239,21.0,Bac,3.3,G1801,39126,1.0,0,"Perte de confiance importante. Risque d'exclusion, barrière de la langue.",1
ID_1240,54.0,Bac+2,2.8,G1602,14370,1.0,0,Problème ponctuel de mobilité géographique. Zone mal desservie.,1
ID_1241,38.0,Bac+5,7.4,N1101,13028,,1,"Profil autonome, recherche active, aucun frein périphérique identifié.",2
ID_1242,31.0,Sans diplôme,0.5,K1601,27453,1.0,0,Projet de reconversion à affiner. Besoin d'une formation complémentaire.,1
ID_1243,48.0,Bac+5,4.2,F1603,80118,1.0,1,Problème ponctuel de mobilité géographique. Zone mal desservie.,1
ID_1244,35.0,Bac,2.5,K1201,59414,0.0,0,"Profil autonome, recherche active, aucun frein périphérique identifié.",0
ID_1245,24.0,Bac,1.0,A1301,03025,0.0,0,Compétences à réactualiser sur les outils numériques. Motivation correcte.,1
ID_1246,27.0,Sans diplôme,1.9,K2111,62453,1.0,0,Freins périphériques majeurs. Situation d'illettrisme numérique constatée.,1
ID_1247,24.0,Bac+5,1.2,K1304,65293,0.0,0,"Excellente présentation, compétences techniques à jour. Reprise rapide visée.",0
ID_1248,50.0,Sans diplôme,2.6,N4301,43034,1.0,0,Cumul de difficultés. Pas de moyen de transport et garde d'enfants complexe.,2
ID_1249,,Bac,6.6,N4301,65142,0.0,0,"Perte de confiance importante. Risque d'exclusion, barrière de la langue.",1
ID_1250,38.0,Bac,2.5,G1801,24107,0.0,0,Projet de reconversion à affiner. Besoin d'une formation complémentaire.,1
ID_1251,36.0,Bac+5,3.0,M1801,27342,1.0,0,"Profil autonome, recherche active, aucun frein périphérique identifié.",0
ID_1252,36.0,Bac+2,2.2,I1304,70538,0.0,0,"Profil autonome, recherche active, aucun frein périphérique identifié.",0
ID_1253,53.0,Bac+2,0.2,C1102,19285,1.0,1,Freins périphériques majeurs. Situation d'illettrisme numérique constatée.,2
ID_1254,46.0,Bac,0.8,F1603,32047,1.0,1,,1
ID_1255,,Bac+2,2.0,A1301,82109,0.0,0,Freins périphériques majeurs. Situation d'illettrisme numérique constatée.,1
ID_1256,19.0,Bac,1.1,A1203,02207,0.0,0,"Candidat très dynamique, mobilité nationale validée. Projet clair.",0
ID_1257,18.0,Bac+5,0.6,A1301,67028,0.0,1,Compétences à réactualiser sur les outils numériques. Motivation correcte.,1
ID_1258,22.0,Bac+5,2.1,M1203,71140,0.0,0,"Candidat très dynamique, mobilité nationale validée. Projet clair.",0
ID_1259,37.0,Sans diplôme,1.2,J1506,08388,1.0,0,"Excellente présentation, compétences techniques à jour. Reprise rapide visée.",0
ID_1260,28.0,Bac+2,0.9,H2502,59327,1.0,0,Freins périphériques majeurs. Situation d'illettrisme numérique constatée.,0
ID_1261,59.0,Sans diplôme,1.9,N4301,47086,0.0,0,"Perte de confiance importante. Risque d'exclusion, barrière de la langue.",2
ID_1262,19.0,Bac,0.4,K2101,19268,1.0,0,Compétences à réactualiser sur les outils numériques. Motivation correcte.,1
ID_1263,20.0,Bac,7.9,M1806,50274,0.0,0,"Excellente présentation, compétences techniques à jour. Reprise rapide visée.",0
ID_1264,40.0,,6.1,K1903,03192,0.0,0,"Candidat très dynamique, mobilité nationale validée. Projet clair.",0
ID_1265,29.0,Bac,3.7,F1603,64413,0.0,0,"Perte de confiance importante. Risque d'exclusion, barrière de la langue.",1
ID_1266,37.0,Bac+2,0.3,M1802,11203,1.0,0,Problème ponctuel de mobilité géographique. Zone mal desservie.,0
ID_1267,22.0,Bac,4.5,N1303,54312,1.0,0,"Perte de confiance importante. Risque d'exclusion, barrière de la langue.",0
ID_1268,,Bac+2,5.0,H1504,26145,1.0,0,"Candidat très dynamique, mobilité nationale validée. Projet clair.",0
ID_1269,55.0,Bac,4.4,M1602,90105,0.0,1,Cumul de difficultés. Pas de moyen de transport et garde d'enfants complexe.,2
ID_1270,47.0,Sans diplôme,0.4,K2106,44162,0.0,0,Freins périphériques majeurs. Situation d'illettrisme numérique constatée.,2
ID_1271,26.0,Bac+2,3.1,K1201,89311,1.0,0,Problème ponctuel de mobilité géographique. Zone mal desservie.,0
ID_1272,51.0,Bac,5.4,H2502,42252,,1,"Excellente présentation, compétences techniques à jour. Reprise rapide visée.",2
ID_1273,61.0,Bac,2.6,G1601,37233,1.0,1,,2
ID_1274,52.0,Bac+2,3.1,K2111,50111,0.0,0,"Candidat très dynamique, mobilité nationale validée. Projet clair.",0
ID_1275,39.0,Bac,1.8,A1202,47289,0.0,0,Projet de reconversion à affiner. Besoin d'une formation complémentaire.,1
ID_1276,61.0,Sans diplôme,2.3,G1801,08472,1.0,1,Cumul de difficultés. Pas de moyen de transport et garde d'enfants complexe.,2
ID_1277,41.0,Bac,0.1,M1607,04143,1.0,0,"Perte de confiance importante. Risque d'exclusion, barrière de la langue.",2
ID_1278,34.0,,3.1,A1202,54174,1.0,0,Freins périphériques majeurs. Situation d'illettrisme numérique constatée.,0
ID_1279,27.0,Bac+2,0.3,M1806,09072,1.0,0,Problème ponctuel de mobilité géographique. Zone mal desservie.,0
ID_1280,47.0,Bac+2,1.7,N1301,63139,1.0,0,Freins périphériques majeurs. Situation d'illettrisme numérique constatée.,0
ID_1281,63.0,,1.0,M1602,27514,1.0,0,Problème ponctuel de mobilité géographique. Zone mal desservie.,2
ID_1282,40.0,Sans diplôme,2.4,G1602,42252,1.0,0,Compétences à réactualiser sur les outils numériques. Motivation correcte.,2
ID_1283,49.0,Bac,0.4,N4101,67083,1.0,1,"Excellente présentation, compétences techniques à jour. Reprise rapide visée.",1
ID_1284,34.0,Bac+2,3.5,C1102,67111,1.0,0,"Excellente présentation, compétences techniques à jour. Reprise rapide visée.",0
ID_1285,34.0,Sans diplôme,4.8,G1302,09025,0.0,0,Problème ponctuel de mobilité géographique. Zone mal desservie.,1
ID_1286,31.0,Bac,0.5,K2111,25249,0.0,0,"Candidat très dynamique, mobilité nationale validée. Projet clair.",0
ID_1287,26.0,Bac,0.3,G1602,42306,1.0,1,Problème ponctuel de mobilité géographique. Zone mal desservie.,1
ID_1288,57.0,Bac,0.5,J1301,56052,1.0,0,"Excellente présentation, compétences techniques à jour. Reprise rapide visée.",1
ID_1289,19.0,Bac+5,6.3,G1801,62322,1.0,0,"Excellente présentation, compétences techniques à jour. Reprise rapide visée.",0
ID_1290,62.0,Sans diplôme,2.3,G1601,76292,0.0,1,Freins périphériques majeurs. Situation d'illettrisme numérique constatée.,2
ID_1291,42.0,Bac,1.9,D1406,76315,0.0,0,"Profil autonome, recherche active, aucun frein périphérique identifié.",0
ID_1292,56.0,Sans diplôme,0.3,D1401,01280,1.0,0,Freins périphériques majeurs. Situation d'illettrisme numérique constatée.,2
ID_1293,26.0,Bac+5,3.1,N4101,70114,0.0,1,"Profil autonome, recherche active, aucun frein périphérique identifié.",1
ID_1294,39.0,Sans diplôme,6.1,K1201,31304,0.0,1,Cumul de difficultés. Pas de moyen de transport et garde d'enfants complexe.,2
ID_1295,60.0,Bac,5.3,G1602,70226,,0,"Profil autonome, recherche active, aucun frein périphérique identifié.",1
ID_1296,63.0,Bac+2,3.0,K2101,34074,1.0,0,Compétences à réactualiser sur les outils numériques. Motivation correcte.,2
ID_1297,21.0,Bac+2,0.2,N1301,39538,0.0,0,Cumul de difficultés. Pas de moyen de transport et garde d'enfants complexe.,0
ID_1298,43.0,Bac,0.4,G1203,70521,1.0,0,"Profil autonome, recherche active, aucun frein périphérique identifié.",1
ID_1299,46.0,Bac,0.2,I1304,89011,1.0,1,"Perte de confiance importante. Risque d'exclusion, barrière de la langue.",1
ID_1300,62.0,Bac,0.9,F1603,70200,1.0,1,Projet de reconversion à affiner. Besoin d'une formation complémentaire.,2
ID_1301,51.0,Bac,0.4,D1502,84119,1.0,0,Compétences à réactualiser sur les outils numériques. Motivation correcte.,0
ID_1302,40.0,Bac,0.9,G1801,09131,0.0,0,Compétences à réactualiser sur les outils numériques. Motivation correcte.,1
ID_1303,54.0,Bac,1.5,K1403,59005,0.0,0,,1
ID_1304,28.0,Bac,8.6,H1206,32433,0.0,0,Cumul de difficultés. Pas de moyen de transport et garde d'enfants complexe.,1
ID_1305,23.0,Bac,2.8,M1806,21395,1.0,0,Problème ponctuel de mobilité géographique. Zone mal desservie.,1
ID_1306,35.0,Bac+2,5.4,M1607,67442,0.0,0,Problème ponctuel de mobilité géographique. Zone mal desservie.,1
ID_1307,38.0,Bac+5,3.7,M1501,80317,0.0,0,Projet de reconversion à affiner. Besoin d'une formation complémentaire.,0
ID_1308,59.0,Bac+2,0.4,A1401,02251,1.0,0,Freins périphériques majeurs. Situation d'illettrisme numérique constatée.,0
ID_1309,53.0,Sans diplôme,4.0,H1206,21255,0.0,0,Cumul de difficultés. Pas de moyen de transport et garde d'enfants complexe.,2
ID_1310,58.0,Sans diplôme,1.0,G1801,66101,0.0,0,,2
ID_1311,55.0,Bac+5,3.1,C1302,54422,1.0,0,Projet de reconversion à affiner. Besoin d'une formation complémentaire.,1
ID_1312,51.0,Bac,1.3,I1304,17205,1.0,0,"Profil autonome, recherche active, aucun frein périphérique identifié.",2
ID_1313,34.0,Sans diplôme,18.2,N1101,09297,0.0,0,"Candidat très dynamique, mobilité nationale validée. Projet clair.",0
ID_1314,54.0,,0.9,N1301,76679,0.0,0,Compétences à réactualiser sur les outils numériques. Motivation correcte.,1
ID_1315,42.0,,1.0,K1304,24263,1.0,0,"Excellente présentation, compétences techniques à jour. Reprise rapide visée.",0
ID_1316,55.0,Bac+2,8.0,K1304,34305,0.0,0,Compétences à réactualiser sur les outils numériques. Motivation correcte.,0
ID_1317,29.0,Bac,0.1,K1304,24449,1.0,0,"Profil autonome, recherche active, aucun frein périphérique identifié.",0
ID_1318,40.0,Sans diplôme,3.6,M1607,64364,0.0,0,"Excellente présentation, compétences techniques à jour. Reprise rapide visée.",2
ID_1319,59.0,Bac+5,3.9,H2502,14700,1.0,0,Problème ponctuel de mobilité géographique. Zone mal desservie.,1
ID_1320,39.0,Bac,5.4,A1501,27210,0.0,0,Projet de reconversion à affiner. Besoin d'une formation complémentaire.,1
ID_1321,38.0,Bac+2,11.0,A1202,03268,1.0,0,Projet de reconversion à affiner. Besoin d'une formation complémentaire.,1
ID_1322,44.0,Bac+2,11.1,K1201,49010,0.0,0,"Candidat très dynamique, mobilité nationale validée. Projet clair.",0
ID_1323,48.0,Bac+2,0.2,H1206,10056,1.0,0,Compétences à réactualiser sur les outils numériques. Motivation correcte.,0
ID_1324,,Bac,5.2,H1504,42163,0.0,1,,1
ID_1325,44.0,Bac,3.1,G1801,29152,0.0,0,Projet de reconversion à affiner. Besoin d'une formation complémentaire.,1
ID_1326,57.0,Bac,3.1,M1805,34242,1.0,0,Problème ponctuel de mobilité géographique. Zone mal desservie.,1
ID_1327,51.0,Bac+5,0.4,D1406,40224,1.0,0,Problème ponctuel de mobilité géographique. Zone mal desservie.,1
ID_1328,29.0,Bac+5,3.2,J1506,66068,1.0,0,Problème ponctuel de mobilité géographique. Zone mal desservie.,0
ID_1329,62.0,Sans diplôme,12.1,A1203,69030,1.0,1,"Perte de confiance importante. Risque d'exclusion, barrière de la langue.",2
ID_1330,24.0,Sans diplôme,7.3,M1705,42066,1.0,0,Problème ponctuel de mobilité géographique. Zone mal desservie.,1
ID_1331,27.0,Bac+5,1.7,H1206,33168,1.0,1,Compétences à réactualiser sur les outils numériques. Motivation correcte.,1
ID_1332,62.0,Bac+2,0.1,H1504,78036,1.0,0,Problème ponctuel de mobilité géographique. Zone mal desservie.,1
ID_1333,34.0,Bac+5,1.3,C1501,45042,1.0,1,Cumul de difficultés. Pas de moyen de transport et garde d'enfants complexe.,2
ID_1334,43.0,Bac,5.3,H1504,50054,,0,"Profil autonome, recherche active, aucun frein périphérique identifié.",1
ID_1335,38.0,Bac,3.6,M1805,56043,1.0,0,"Profil autonome, recherche active, aucun frein périphérique identifié.",0
ID_1336,,Bac+2,1.8,I1304,71441,1.0,0,"Candidat très dynamique, mobilité nationale validée. Projet clair.",0
ID_1337,63.0,Bac+2,0.2,K1201,27601,0.0,0,Problème ponctuel de mobilité géographique. Zone mal desservie.,1
ID_1338,19.0,Bac,1.7,M1802,37146,1.0,0,Compétences à réactualiser sur les outils numériques. Motivation correcte.,1
ID_1339,60.0,Sans diplôme,1.9,N4301,05045,0.0,0,"Perte de confiance importante. Risque d'exclusion, barrière de la langue.",2
ID_1340,18.0,Bac,7.9,M1705,77171,1.0,0,Freins périphériques majeurs. Situation d'illettrisme numérique constatée.,0
ID_1341,53.0,Bac,3.1,W1401,30324,0.0,1,Problème ponctuel de mobilité géographique. Zone mal desservie.,2
ID_1342,43.0,Bac,1.1,I1304,18048,0.0,0,"Excellente présentation, compétences techniques à jour. Reprise rapide visée.",0
ID_1343,46.0,Bac+5,2.2,H1504,60276,1.0,0,"Excellente présentation, compétences techniques à jour. Reprise rapide visée.",0
ID_1344,38.0,Bac,0.2,C1110,95313,1.0,1,Problème ponctuel de mobilité géographique. Zone mal desservie.,1
ID_1345,28.0,Bac+5,10.8,G1601,19148,1.0,0,"Candidat très dynamique, mobilité nationale validée. Projet clair.",0
ID_1346,57.0,Sans diplôme,1.3,G1801,79271,1.0,0,"Candidat très dynamique, mobilité nationale validée. Projet clair.",0
ID_1347,28.0,Bac+2,1.9,C1201,88471,1.0,0,,0
ID_1348,53.0,Bac+5,1.3,H1504,61122,0.0,0,Projet de reconversion à affiner. Besoin d'une formation complémentaire.,1
ID_1349,56.0,Sans diplôme,3.4,K1601,78383,1.0,0,Freins périphériques majeurs. Situation d'illettrisme numérique constatée.,2
ID_1350,57.0,,3.3,H1206,49193,1.0,0,"Excellente présentation, compétences techniques à jour. Reprise rapide visée.",2
ID_1351,52.0,Bac,3.8,H1206,71015,1.0,0,Problème ponctuel de mobilité géographique. Zone mal desservie.,1
ID_1352,51.0,Sans diplôme,0.9,C1201,17486,0.0,0,Freins périphériques majeurs. Situation d'illettrisme numérique constatée.,2
ID_1353,41.0,Bac+2,1.1,K2101,56009,1.0,0,"Excellente présentation, compétences techniques à jour. Reprise rapide visée.",0
ID_1354,39.0,Bac+5,0.4,A1203,50124,0.0,1,"Excellente présentation, compétences techniques à jour. Reprise rapide visée.",1
ID_1355,22.0,Bac,3.2,J1301,07051,1.0,0,Problème ponctuel de mobilité géographique. Zone mal desservie.,0
ID_1356,50.0,Bac,0.1,D1502,64509,1.0,0,Projet de reconversion à affiner. Besoin d'une formation complémentaire.,1
ID_1357,53.0,,2.7,A1401,44102,1.0,0,"Profil autonome, recherche active, aucun frein périphérique identifié.",1
ID_1358,37.0,Bac+2,6.1,C1302,80568,1.0,0,"Profil autonome, recherche active, aucun frein périphérique identifié.",0
ID_1359,36.0,Sans diplôme,6.6,N4301,71228,0.0,0,"Excellente présentation, compétences techniques à jour. Reprise rapide visée.",0
ID_1360,52.0,Bac,1.8,G1602,77444,1.0,0,"Candidat très dynamique, mobilité nationale validée. Projet clair.",0
ID_1361,60.0,Bac+2,1.8,K2101,31542,1.0,0,Projet de reconversion à affiner. Besoin d'une formation complémentaire.,2
ID_1362,34.0,Bac+2,0.2,N1301,64001,0.0,0,Problème ponctuel de mobilité géographique. Zone mal desservie.,0
ID_1363,62.0,Bac,3.3,H1206,62798,1.0,0,Problème ponctuel de mobilité géographique. Zone mal desservie.,1
ID_1364,60.0,Bac+2,5.2,M1203,14630,0.0,0,Projet de reconversion à affiner. Besoin d'une formation complémentaire.,1
ID_1365,51.0,Sans diplôme,0.8,H1206,80742,1.0,0,Projet de reconversion à affiner. Besoin d'une formation complémentaire.,2
ID_1366,26.0,Sans diplôme,1.6,D1406,68326,1.0,0,"Perte de confiance importante. Risque d'exclusion, barrière de la langue.",1
ID_1367,43.0,Bac+5,5.5,H2502,48099,1.0,0,"Profil autonome, recherche active, aucun frein périphérique identifié.",0
ID_1368,19.0,Bac+2,6.3,K2111,82182,0.0,0,Problème ponctuel de mobilité géographique. Zone mal desservie.,0
ID_1369,26.0,Sans diplôme,0.8,M1607,06056,0.0,0,Cumul de difficultés. Pas de moyen de transport et garde d'enfants complexe.,2
ID_1370,26.0,Bac,2.4,N4301,81230,1.0,0,Freins périphériques majeurs. Situation d'illettrisme numérique constatée.,2
ID_1371,57.0,Bac,0.6,D1210,32159,1.0,0,Projet de reconversion à affiner. Besoin d'une formation complémentaire.,1
ID_1372,34.0,,0.3,K1201,60305,0.0,0,"Candidat très dynamique, mobilité nationale validée. Projet clair.",0
ID_1373,18.0,,7.3,M1705,08126,0.0,0,"Profil autonome, recherche active, aucun frein périphérique identifié.",0
ID_1374,42.0,Sans diplôme,5.2,D1406,24277,0.0,0,Compétences à réactualiser sur les outils numériques. Motivation correcte.,0
ID_1375,60.0,Bac,4.3,A1203,73019,1.0,0,Compétences à réactualiser sur les outils numériques. Motivation correcte.,1
ID_1376,57.0,Bac+2,0.1,M1802,82142,1.0,0,"Profil autonome, recherche active, aucun frein périphérique identifié.",0
ID_1377,59.0,Bac+2,5.6,G1302,88083,1.0,0,Projet de reconversion à affiner. Besoin d'une formation complémentaire.,1
ID_1378,42.0,Bac+2,1.7,G1801,14705,1.0,0,"Candidat très dynamique, mobilité nationale validée. Projet clair.",0
ID_1379,56.0,Sans diplôme,1.3,N1301,62535,1.0,0,Cumul de difficultés. Pas de moyen de transport et garde d'enfants complexe.,2
ID_1380,52.0,Bac+5,2.4,C1110,24398,1.0,0,Problème ponctuel de mobilité géographique. Zone mal desservie.,2
ID_1381,20.0,Bac+5,0.3,A1501,81224,0.0,0,"Excellente présentation, compétences techniques à jour. Reprise rapide visée.",0
ID_1382,54.0,Bac+5,4.2,K1304,10065,1.0,0,Compétences à réactualiser sur les outils numériques. Motivation correcte.,0
ID_1383,61.0,Bac+5,2.6,A1203,62864,1.0,0,Problème ponctuel de mobilité géographique. Zone mal desservie.,1
ID_1384,61.0,Bac+5,0.6,H1504,36214,1.0,0,"Perte de confiance importante. Risque d'exclusion, barrière de la langue.",1
ID_1385,47.0,Bac,0.6,C1110,17145,1.0,0,Projet de reconversion à affiner. Besoin d'une formation complémentaire.,0
ID_1386,55.0,Bac,0.6,M1203,45336,1.0,0,Problème ponctuel de mobilité géographique. Zone mal desservie.,0
ID_1387,51.0,Bac+2,0.2,K1601,04197,1.0,0,"Candidat très dynamique, mobilité nationale validée. Projet clair.",1
ID_1388,29.0,Bac+2,2.7,M1607,71386,1.0,0,Compétences à réactualiser sur les outils numériques. Motivation correcte.,1
ID_1389,36.0,Bac+2,5.5,K2106,24388,0.0,1,Compétences à réactualiser sur les outils numériques. Motivation correcte.,1
ID_1390,54.0,Bac,0.1,A1202,63152,1.0,1,"Perte de confiance importante. Risque d'exclusion, barrière de la langue.",2
ID_1391,61.0,Sans diplôme,0.2,H2502,30323,1.0,0,Projet de reconversion à affiner. Besoin d'une formation complémentaire.,2
ID_1392,34.0,Bac,2.6,G1203,88483,0.0,0,Problème ponctuel de mobilité géographique. Zone mal desservie.,1
ID_1393,27.0,Bac+5,5.1,C1102,56159,1.0,0,"Candidat très dynamique, mobilité nationale validée. Projet clair.",0
ID_1394,29.0,Bac,1.2,M1802,03222,1.0,1,Problème ponctuel de mobilité géographique. Zone mal desservie.,1
ID_1395,33.0,Bac,1.3,M1705,51579,0.0,0,"Candidat très dynamique, mobilité nationale validée. Projet clair.",0
ID_1396,,Bac,2.7,D1502,03029,1.0,0,Projet de reconversion à affiner. Besoin d'une formation complémentaire.,1
ID_1397,36.0,Bac,1.0,M1802,77152,1.0,0,"Candidat très dynamique, mobilité nationale validée. Projet clair.",0
ID_1398,25.0,Bac+5,0.1,N1303,12101,1.0,0,"Perte de confiance importante. Risque d'exclusion, barrière de la langue.",0
ID_1399,48.0,Bac+2,4.0,K1601,22391,0.0,1,"Excellente présentation, compétences techniques à jour. Reprise rapide visée.",0
ID_1400,38.0,Bac+2,2.9,K1903,32106,1.0,0,,1
ID_1401,34.0,Bac,2.6,C1110,51095,0.0,0,Problème ponctuel de mobilité géographique. Zone mal desservie.,0
ID_1402,40.0,Bac+2,4.1,A1202,64480,1.0,0,"Excellente présentation, compétences techniques à jour. Reprise rapide visée.",2
ID_1403,54.0,Bac,3.4,N1303,46157,1.0,0,Compétences à réactualiser sur les outils numériques. Motivation correcte.,1
ID_1404,33.0,Bac+2,0.7,M1607,19275,1.0,0,Compétences à réactualiser sur les outils numériques. Motivation correcte.,1
ID_1405,23.0,Bac,1.3,K1403,76052,0.0,0,"Candidat très dynamique, mobilité nationale validée. Projet clair.",0
ID_1406,25.0,Bac,0.4,N4301,22308,0.0,0,"Perte de confiance importante. Risque d'exclusion, barrière de la langue.",2
ID_1407,42.0,Bac+2,0.4,D1210,62459,0.0,0,Problème ponctuel de mobilité géographique. Zone mal desservie.,0
ID_1408,35.0,Bac+5,3.4,H1206,80821,0.0,0,"Profil autonome, recherche active, aucun frein périphérique identifié.",0
ID_1409,42.0,Sans diplôme,5.9,A1203,21699,1.0,1,Cumul de difficultés. Pas de moyen de transport et garde d'enfants complexe.,2
ID_1410,29.0,Bac+5,9.9,G1203,37028,1.0,0,Compétences à réactualiser sur les outils numériques. Motivation correcte.,1
ID_1411,32.0,Bac,3.0,K2111,85296,1.0,0,"Profil autonome, recherche active, aucun frein périphérique identifié.",0
ID_1412,43.0,Bac,0.6,N1301,70422,1.0,0,Projet de reconversion à affiner. Besoin d'une formation complémentaire.,1
ID_1413,58.0,Sans diplôme,0.3,H2502,07030,0.0,0,Compétences à réactualiser sur les outils numériques. Motivation correcte.,1
ID_1414,62.0,Bac,5.0,N1303,88153,0.0,1,Projet de reconversion à affiner. Besoin d'une formation complémentaire.,2
ID_1415,43.0,Bac,2.6,K2106,51295,0.0,0,"Excellente présentation, compétences techniques à jour. Reprise rapide visée.",1
ID_1416,49.0,Sans diplôme,2.9,C1501,77277,1.0,0,Cumul de difficultés. Pas de moyen de transport et garde d'enfants complexe.,1
ID_1417,27.0,Bac,4.6,K1304,08376,1.0,0,Problème ponctuel de mobilité géographique. Zone mal desservie.,0
ID_1418,33.0,Bac+5,3.6,M1801,43160,0.0,0,Problème ponctuel de mobilité géographique. Zone mal desservie.,1
ID_1419,24.0,Sans diplôme,5.4,G1602,25502,0.0,1,Cumul de difficultés. Pas de moyen de transport et garde d'enfants complexe.,2
ID_1420,34.0,Bac+2,0.2,C1110,52384,1.0,1,Compétences à réactualiser sur les outils numériques. Motivation correcte.,1
ID_1421,40.0,Bac,4.1,N1301,15078,1.0,0,"Profil autonome, recherche active, aucun frein périphérique identifié.",0
ID_1422,43.0,Bac+2,5.7,A1401,60276,1.0,1,"Profil autonome, recherche active, aucun frein périphérique identifié.",0
ID_1423,,Bac,1.0,D1210,58031,1.0,0,"Perte de confiance importante. Risque d'exclusion, barrière de la langue.",0
ID_1424,39.0,Sans diplôme,3.1,K1201,39153,0.0,0,"Profil autonome, recherche active, aucun frein périphérique identifié.",1
ID_1425,24.0,Sans diplôme,1.1,M1805,02003,1.0,0,Projet de reconversion à affiner. Besoin d'une formation complémentaire.,1
ID_1426,31.0,Sans diplôme,9.5,H2502,29287,1.0,0,Freins périphériques majeurs. Situation d'illettrisme numérique constatée.,2
ID_1427,32.0,Sans diplôme,0.1,D1406,87009,0.0,0,"Candidat très dynamique, mobilité nationale validée. Projet clair.",0
ID_1428,24.0,Bac+2,2.6,M1806,68069,1.0,0,"Excellente présentation, compétences techniques à jour. Reprise rapide visée.",0
ID_1429,26.0,Bac+5,0.5,D1210,47111,1.0,0,"Excellente présentation, compétences techniques à jour. Reprise rapide visée.",0
ID_1430,25.0,Bac+5,3.7,G1601,04173,0.0,0,Compétences à réactualiser sur les outils numériques. Motivation correcte.,1
ID_1431,40.0,Bac+2,0.6,A1203,74085,1.0,0,Projet de reconversion à affiner. Besoin d'une formation complémentaire.,1
ID_1432,46.0,Sans diplôme,0.8,J1301,27602,0.0,0,"Excellente présentation, compétences techniques à jour. Reprise rapide visée.",0
ID_1433,35.0,Bac,2.0,N1303,05165,0.0,0,Cumul de difficultés. Pas de moyen de transport et garde d'enfants complexe.,0
ID_1434,48.0,Bac,7.4,N4101,91067,1.0,0,"Profil autonome, recherche active, aucun frein périphérique identifié.",1
ID_1435,47.0,Bac,0.7,M1705,88270,0.0,0,"Perte de confiance importante. Risque d'exclusion, barrière de la langue.",0
ID_1436,56.0,Bac,0.5,M1705,22045,1.0,0,Cumul de difficultés. Pas de moyen de transport et garde d'enfants complexe.,2
ID_1437,52.0,Bac,4.3,H2502,58085,1.0,0,Compétences à réactualiser sur les outils numériques. Motivation correcte.,1
ID_1438,35.0,Bac,2.1,K1903,40182,0.0,1,"Perte de confiance importante. Risque d'exclusion, barrière de la langue.",1
ID_1439,59.0,Bac,7.3,K1304,26359,1.0,0,"Profil autonome, recherche active, aucun frein périphérique identifié.",0
ID_1440,56.0,,0.5,J1506,97103,1.0,0,Projet de reconversion à affiner. Besoin d'une formation complémentaire.,0
ID_1441,34.0,Bac+2,3.1,N4301,47086,1.0,0,Projet de reconversion à affiner. Besoin d'une formation complémentaire.,1
ID_1442,31.0,Bac,0.8,I1304,77194,1.0,0,"Excellente présentation, compétences techniques à jour. Reprise rapide visée.",0
ID_1443,48.0,Bac+5,0.5,H1206,63122,0.0,1,"Profil autonome, recherche active, aucun frein périphérique identifié.",0
ID_1444,,Bac+5,3.5,N1101,59473,1.0,0,"Candidat très dynamique, mobilité nationale validée. Projet clair.",0
ID_1445,52.0,Bac,2.7,M1801,68303,1.0,0,Cumul de difficultés. Pas de moyen de transport et garde d'enfants complexe.,1
ID_1446,61.0,Bac,4.2,K1403,91228,1.0,1,Cumul de difficultés. Pas de moyen de transport et garde d'enfants complexe.,2
ID_1447,62.0,Bac,1.1,H1206,55155,0.0,0,"Candidat très dynamique, mobilité nationale validée. Projet clair.",1
ID_1448,51.0,Bac+5,1.8,K2111,16381,1.0,0,Freins périphériques majeurs. Situation d'illettrisme numérique constatée.,1
ID_1449,20.0,Bac+5,1.6,D1503,56107,0.0,0,"Perte de confiance importante. Risque d'exclusion, barrière de la langue.",0
ID_1450,54.0,Sans diplôme,12.4,D1210,34222,1.0,0,Freins périphériques majeurs. Situation d'illettrisme numérique constatée.,2
ID_1451,60.0,Bac,1.0,D1210,71469,1.0,0,Problème ponctuel de mobilité géographique. Zone mal desservie.,1
ID_1452,57.0,,1.0,G1602,37115,1.0,0,Projet de reconversion à affiner. Besoin d'une formation complémentaire.,1
ID_1453,43.0,Bac,1.3,A1202,31343,1.0,0,Compétences à réactualiser sur les outils numériques. Motivation correcte.,1
ID_1454,40.0,Sans diplôme,2.5,C1201,36008,0.0,0,"Profil autonome, recherche active, aucun frein périphérique identifié.",1
ID_1455,61.0,Bac+5,0.9,C1102,58200,0.0,0,Problème ponctuel de mobilité géographique. Zone mal desservie.,1
ID_1456,56.0,Bac+2,7.4,K1201,45207,0.0,0,Projet de reconversion à affiner. Besoin d'une formation complémentaire.,1
ID_1457,32.0,Bac+5,0.9,A1401,71116,0.0,0,"Perte de confiance importante. Risque d'exclusion, barrière de la langue.",2
ID_1458,21.0,Bac+5,6.8,H1504,50078,0.0,0,Problème ponctuel de mobilité géographique. Zone mal desservie.,1
ID_1459,46.0,Bac+2,0.3,K2106,11207,1.0,0,Cumul de difficultés. Pas de moyen de transport et garde d'enfants complexe.,0
ID_1460,39.0,Bac,3.2,M1602,59013,1.0,0,Freins périphériques majeurs. Situation d'illettrisme numérique constatée.,1
ID_1461,42.0,Bac+2,7.1,K1403,73191,0.0,0,"Profil autonome, recherche active, aucun frein périphérique identifié.",0
ID_1462,30.0,Sans diplôme,0.6,G1601,14032,1.0,0,Freins périphériques majeurs. Situation d'illettrisme numérique constatée.,1
ID_1463,35.0,Bac+2,10.4,G1801,14280,1.0,0,Cumul de difficultés. Pas de moyen de transport et garde d'enfants complexe.,1
ID_1464,50.0,Sans diplôme,1.8,M1203,14096,1.0,0,Freins périphériques majeurs. Situation d'illettrisme numérique constatée.,2
ID_1465,33.0,Bac+2,8.7,M1705,51153,1.0,0,Compétences à réactualiser sur les outils numériques. Motivation correcte.,1
ID_1466,62.0,Bac,3.4,D1210,14027,0.0,0,Problème ponctuel de mobilité géographique. Zone mal desservie.,1
ID_1467,59.0,Sans diplôme,1.1,M1805,16203,1.0,0,Problème ponctuel de mobilité géographique. Zone mal desservie.,1
ID_1468,61.0,Sans diplôme,0.6,N1303,65078,1.0,0,"Perte de confiance importante. Risque d'exclusion, barrière de la langue.",2
ID_1469,19.0,Sans diplôme,1.1,W1401,02259,0.0,1,Projet de reconversion à affiner. Besoin d'une formation complémentaire.,2
ID_1470,52.0,Bac+2,0.3,M1802,58255,0.0,0,Compétences à réactualiser sur les outils numériques. Motivation correcte.,1
ID_1471,59.0,Bac+2,0.5,M1802,57377,0.0,0,Problème ponctuel de mobilité géographique. Zone mal desservie.,1
ID_1472,51.0,Bac,0.3,J1301,55007,0.0,0,Problème ponctuel de mobilité géographique. Zone mal desservie.,0
ID_1473,47.0,Sans diplôme,1.6,K2106,54244,1.0,0,"Excellente présentation, compétences techniques à jour. Reprise rapide visée.",1
ID_1474,30.0,Sans diplôme,4.8,G1302,57584,1.0,0,Problème ponctuel de mobilité géographique. Zone mal desservie.,1
ID_1475,30.0,Sans diplôme,0.5,D1503,51596,0.0,0,Freins périphériques majeurs. Situation d'illettrisme numérique constatée.,2
ID_1476,35.0,Sans diplôme,0.4,W1401,71410,1.0,0,"Candidat très dynamique, mobilité nationale validée. Projet clair.",1
ID_1477,49.0,Bac+5,3.1,M1802,10209,1.0,0,"Profil autonome, recherche active, aucun frein périphérique identifié.",0
ID_1478,49.0,Bac,0.7,M1203,07029,0.0,0,Compétences à réactualiser sur les outils numériques. Motivation correcte.,1
ID_1479,52.0,Bac,0.3,K1903,53021,0.0,0,Problème ponctuel de mobilité géographique. Zone mal desservie.,1
ID_1480,56.0,Sans diplôme,0.5,K1601,61481,0.0,0,Freins périphériques majeurs. Situation d'illettrisme numérique constatée.,2
ID_1481,63.0,Bac,7.7,H1504,27118,0.0,0,Problème ponctuel de mobilité géographique. Zone mal desservie.,1
ID_1482,46.0,Bac,5.2,D1401,02518,0.0,1,Compétences à réactualiser sur les outils numériques. Motivation correcte.,1
ID_1483,46.0,Bac+2,1.3,A1401,25234,0.0,0,Compétences à réactualiser sur les outils numériques. Motivation correcte.,1
ID_1484,61.0,Bac,3.2,C1501,70567,1.0,0,Cumul de difficultés. Pas de moyen de transport et garde d'enfants complexe.,1
ID_1485,33.0,Sans diplôme,2.3,K2101,52105,1.0,0,Freins périphériques majeurs. Situation d'illettrisme numérique constatée.,1
ID_1486,61.0,Bac,3.4,W1401,55338,0.0,0,Freins périphériques majeurs. Situation d'illettrisme numérique constatée.,2
ID_1487,27.0,Bac,3.4,M1805,31284,0.0,0,"Candidat très dynamique, mobilité nationale validée. Projet clair.",0
ID_1488,47.0,Bac,3.0,M1203,11021,1.0,0,"Perte de confiance importante. Risque d'exclusion, barrière de la langue.",2
ID_1489,42.0,Bac+5,0.9,K1403,71588,1.0,0,"Profil autonome, recherche active, aucun frein périphérique identifié.",0
ID_1490,56.0,Bac+2,0.1,M1501,57674,1.0,0,Problème ponctuel de mobilité géographique. Zone mal desservie.,2
ID_1491,37.0,Bac,1.8,G1601,46006,1.0,0,Projet de reconversion à affiner. Besoin d'une formation complémentaire.,0
ID_1492,22.0,Bac,6.6,I1304,08307,0.0,0,"Excellente présentation, compétences techniques à jour. Reprise rapide visée.",0
ID_1493,18.0,,2.5,M1802,50305,0.0,0,"Excellente présentation, compétences techniques à jour. Reprise rapide visée.",0
ID_1494,47.0,Bac,5.4,K2106,52395,1.0,0,"Profil autonome, recherche active, aucun frein périphérique identifié.",0
ID_1495,20.0,Bac+2,14.3,A1401,62046,0.0,0,"Profil autonome, recherche active, aucun frein périphérique identifié.",0
ID_1496,62.0,Bac+2,0.5,D1503,66150,1.0,0,"Perte de confiance importante. Risque d'exclusion, barrière de la langue.",2
ID_1497,31.0,Sans diplôme,3.5,G1801,22217,1.0,0,Projet de reconversion à affiner. Besoin d'une formation complémentaire.,0
ID_1498,47.0,Bac,3.4,A1203,05089,1.0,0,Projet de reconversion à affiner. Besoin d'une formation complémentaire.,1
ID_1499,21.0,Bac,11.7,A1401,67013,0.0,0,Compétences à réactualiser sur les outils numériques. Motivation correcte.,1
ID_1500,,Bac+5,12.7,A1202,80652,1.0,0,Compétences à réactualiser sur les outils numériques. Motivation correcte.,1
ID_1501,54.0,Bac+2,3.5,M1602,64118,1.0,0,Projet de reconversion à affiner. Besoin d'une formation complémentaire.,2
ID_1502,42.0,Bac,0.8,H1206,88324,0.0,0,"Candidat très dynamique, mobilité nationale validée. Projet clair.",0
ID_1503,18.0,Sans diplôme,4.8,K2106,62164,0.0,0,Cumul de difficultés. Pas de moyen de transport et garde d'enfants complexe.,2
ID_1504,63.0,Bac+2,0.3,G1801,08035,1.0,0,"Excellente présentation, compétences techniques à jour. Reprise rapide visée.",1
ID_1505,32.0,Sans diplôme,4.6,F1603,81096,1.0,0,Problème ponctuel de mobilité géographique. Zone mal desservie.,1
ID_1506,26.0,Bac,7.2,D1210,42167,1.0,0,"Profil autonome, recherche active, aucun frein périphérique identifié.",0
ID_1507,32.0,Sans diplôme,1.4,G1801,16364,0.0,0,"Perte de confiance importante. Risque d'exclusion, barrière de la langue.",1
ID_1508,41.0,Bac+2,3.0,M1705,76502,1.0,0,"Candidat très dynamique, mobilité nationale validée. Projet clair.",0
ID_1509,21.0,Bac,1.7,K2111,21552,1.0,0,"Excellente présentation, compétences techniques à jour. Reprise rapide visée.",0
ID_1510,29.0,Bac,1.7,D1502,28100,1.0,0,Cumul de difficultés. Pas de moyen de transport et garde d'enfants complexe.,2
ID_1511,54.0,Bac+5,1.1,M1607,81272,1.0,1,"Excellente présentation, compétences techniques à jour. Reprise rapide visée.",0
ID_1512,54.0,Bac,4.3,N1303,70431,1.0,0,Problème ponctuel de mobilité géographique. Zone mal desservie.,1
ID_1513,60.0,Bac,8.3,D1502,21225,1.0,0,Problème ponctuel de mobilité géographique. Zone mal desservie.,2
ID_1514,23.0,Bac,8.5,W1401,68332,0.0,0,Cumul de difficultés. Pas de moyen de transport et garde d'enfants complexe.,1
ID_1515,56.0,Sans diplôme,0.6,M1806,85011,1.0,0,"Excellente présentation, compétences techniques à jour. Reprise rapide visée.",1
ID_1516,63.0,Bac+2,6.2,K1601,23093,1.0,0,Problème ponctuel de mobilité géographique. Zone mal desservie.,1
ID_1517,41.0,Sans diplôme,4.0,I1304,55008,0.0,0,"Profil autonome, recherche active, aucun frein périphérique identifié.",0
ID_1518,28.0,Bac,0.9,C1201,91080,1.0,0,"Perte de confiance importante. Risque d'exclusion, barrière de la langue.",0
ID_1519,30.0,Bac,0.2,M1806,12099,1.0,0,"Profil autonome, recherche active, aucun frein périphérique identifié.",0
ID_1520,51.0,Bac+2,0.9,K1903,02656,0.0,0,Cumul de difficultés. Pas de moyen de transport et garde d'enfants complexe.,2
ID_1521,42.0,Bac+2,7.3,I1304,62830,0.0,0,Projet de reconversion à affiner. Besoin d'une formation complémentaire.,0
ID_1522,24.0,Bac,3.0,G1601,27192,1.0,0,Compétences à réactualiser sur les outils numériques. Motivation correcte.,1
ID_1523,21.0,Sans diplôme,3.8,G1601,24450,0.0,1,Cumul de difficultés. Pas de moyen de transport et garde d'enfants complexe.,2
ID_1524,25.0,Bac+2,0.9,K1304,84003,1.0,0,"Profil autonome, recherche active, aucun frein périphérique identifié.",0
ID_1525,37.0,Bac,3.8,D1210,31340,0.0,0,"Perte de confiance importante. Risque d'exclusion, barrière de la langue.",0
ID_1526,46.0,Bac+5,0.1,D1502,17442,1.0,0,"Candidat très dynamique, mobilité nationale validée. Projet clair.",0
ID_1527,62.0,Bac+5,1.4,C1102,31217,0.0,1,,0
ID_1528,63.0,Bac+5,3.0,K1403,33147,0.0,0,Problème ponctuel de mobilité géographique. Zone mal desservie.,1
ID_1529,27.0,Bac,0.5,C1302,86152,1.0,0,"Excellente présentation, compétences techniques à jour. Reprise rapide visée.",0
ID_1530,60.0,Bac,5.2,G1601,72105,1.0,0,Problème ponctuel de mobilité géographique. Zone mal desservie.,1
ID_1531,51.0,Bac+2,0.8,K2111,10138,0.0,0,"Excellente présentation, compétences techniques à jour. Reprise rapide visée.",1
ID_1532,43.0,Bac,3.2,N1303,40311,0.0,0,"Profil autonome, recherche active, aucun frein périphérique identifié.",0
ID_1533,58.0,Sans diplôme,1.6,M1607,58015,1.0,0,Projet de reconversion à affiner. Besoin d'une formation complémentaire.,2
ID_1534,20.0,Bac+5,2.7,J1506,2B343,1.0,0,,0
ID_1535,23.0,Bac+5,0.3,M1602,10076,1.0,0,Projet de reconversion à affiner. Besoin d'une formation complémentaire.,1
ID_1536,22.0,Bac,0.1,M1801,50305,1.0,0,Cumul de difficultés. Pas de moyen de transport et garde d'enfants complexe.,0
ID_1537,22.0,Sans diplôme,7.2,A1202,59278,1.0,0,"Perte de confiance importante. Risque d'exclusion, barrière de la langue.",2
ID_1538,40.0,,0.9,D1210,02721,1.0,0,Cumul de difficultés. Pas de moyen de transport et garde d'enfants complexe.,1
ID_1539,26.0,Bac+5,5.1,C1110,85130,1.0,1,"Perte de confiance importante. Risque d'exclusion, barrière de la langue.",0
ID_1540,52.0,Bac+5,22.0,I1304,59224,1.0,1,Freins périphériques majeurs. Situation d'illettrisme numérique constatée.,2
ID_1541,37.0,Bac,0.7,M1805,47060,0.0,0,"Excellente présentation, compétences techniques à jour. Reprise rapide visée.",0
ID_1542,59.0,,0.9,W1401,77333,0.0,0,"Excellente présentation, compétences techniques à jour. Reprise rapide visée.",2
ID_1543,52.0,Bac+5,3.3,G1602,50374,0.0,0,"Excellente présentation, compétences techniques à jour. Reprise rapide visée.",0
ID_1544,35.0,Bac,10.1,N1301,02257,0.0,0,Freins périphériques majeurs. Situation d'illettrisme numérique constatée.,1
ID_1545,34.0,Bac,7.4,C1302,33210,0.0,0,Projet de reconversion à affiner. Besoin d'une formation complémentaire.,1
ID_1546,41.0,Bac+5,2.1,M1203,72019,1.0,0,"Excellente présentation, compétences techniques à jour. Reprise rapide visée.",0
ID_1547,20.0,Sans diplôme,4.8,M1801,11168,1.0,1,"Profil autonome, recherche active, aucun frein périphérique identifié.",2
ID_1548,49.0,Bac+2,0.4,W1401,45070,1.0,0,,0
ID_1549,52.0,Sans diplôme,11.4,K2101,89261,0.0,0,"Candidat très dynamique, mobilité nationale validée. Projet clair.",2
ID_1550,55.0,Bac,10.0,C1302,57349,,0,"Candidat très dynamique, mobilité nationale validée. Projet clair.",2
ID_1551,30.0,Bac+5,0.5,D1401,72158,1.0,1,"Candidat très dynamique, mobilité nationale validée. Projet clair.",0
ID_1552,42.0,Bac,1.1,H2502,53169,0.0,1,"Profil autonome, recherche active, aucun frein périphérique identifié.",0
ID_1553,26.0,Bac+5,0.3,A1401,01321,1.0,1,Projet de reconversion à affiner. Besoin d'une formation complémentaire.,1
ID_1554,21.0,Bac,1.0,K1201,51296,1.0,0,"Profil autonome, recherche active, aucun frein périphérique identifié.",0
ID_1555,31.0,Bac,5.1,N1301,62737,0.0,0,,0
ID_1556,54.0,Bac,1.4,M1806,27083,0.0,0,Compétences à réactualiser sur les outils numériques. Motivation correcte.,1
ID_1557,51.0,Bac,0.3,D1401,31030,1.0,0,Problème ponctuel de mobilité géographique. Zone mal desservie.,1
ID_1558,28.0,Bac,1.3,K1201,70368,1.0,0,"Profil autonome, recherche active, aucun frein périphérique identifié.",0
ID_1559,58.0,Sans diplôme,12.0,K1304,2B303,1.0,0,"Perte de confiance importante. Risque d'exclusion, barrière de la langue.",2
ID_1560,20.0,Bac,3.0,M1602,24211,1.0,1,Cumul de difficultés. Pas de moyen de transport et garde d'enfants complexe.,2
ID_1561,45.0,Bac,1.6,M1801,46281,0.0,0,"Excellente présentation, compétences techniques à jour. Reprise rapide visée.",0
ID_1562,46.0,Bac+2,0.5,H1206,36075,1.0,0,Projet de reconversion à affiner. Besoin d'une formation complémentaire.,1
ID_1563,26.0,Bac+2,12.8,G1601,51110,0.0,1,,0
ID_1564,20.0,Bac+2,5.2,J1506,50317,0.0,0,"Profil autonome, recherche active, aucun frein périphérique identifié.",0
ID_1565,42.0,Sans diplôme,1.0,N1101,28371,1.0,0,Problème ponctuel de mobilité géographique. Zone mal desservie.,1
ID_1566,51.0,Bac,0.2,M1602,64060,1.0,0,"Perte de confiance importante. Risque d'exclusion, barrière de la langue.",2
ID_1567,29.0,Bac+2,0.2,I1304,97219,0.0,0,"Excellente présentation, compétences techniques à jour. Reprise rapide visée.",0
ID_1568,59.0,Bac,0.4,M1501,41096,0.0,0,Freins périphériques majeurs. Situation d'illettrisme numérique constatée.,2
ID_1569,26.0,Sans diplôme,2.6,K1201,23255,0.0,0,"Excellente présentation, compétences techniques à jour. Reprise rapide visée.",0
ID_1570,32.0,Bac+5,7.9,D1502,45160,0.0,0,"Profil autonome, recherche active, aucun frein périphérique identifié.",0
ID_1571,57.0,Bac+2,2.1,N4101,32382,0.0,0,Problème ponctuel de mobilité géographique. Zone mal desservie.,1
ID_1572,,Bac,5.6,C1302,87190,1.0,1,"Perte de confiance importante. Risque d'exclusion, barrière de la langue.",2
ID_1573,22.0,Sans diplôme,1.8,A1501,11077,1.0,0,Cumul de difficultés. Pas de moyen de transport et garde d'enfants complexe.,2
ID_1574,,Bac+2,3.7,K2111,62437,1.0,0,Problème ponctuel de mobilité géographique. Zone mal desservie.,0
ID_1575,51.0,Bac,3.9,M1602,28015,1.0,0,"Profil autonome, recherche active, aucun frein périphérique identifié.",2
ID_1576,41.0,Bac+2,0.6,G1601,05086,1.0,0,"Profil autonome, recherche active, aucun frein périphérique identifié.",0
ID_1577,32.0,Bac+2,1.3,G1602,54026,1.0,0,"Excellente présentation, compétences techniques à jour. Reprise rapide visée.",0
ID_1578,,Bac+5,3.0,C1110,16012,1.0,0,Compétences à réactualiser sur les outils numériques. Motivation correcte.,1
ID_1579,25.0,Bac,0.2,A1203,40284,0.0,0,Cumul de difficultés. Pas de moyen de transport et garde d'enfants complexe.,0
ID_1580,22.0,Sans diplôme,1.3,M1801,70049,1.0,0,"Perte de confiance importante. Risque d'exclusion, barrière de la langue.",2
ID_1581,43.0,Bac+2,2.3,N4301,14484,1.0,0,Compétences à réactualiser sur les outils numériques. Motivation correcte.,1
ID_1582,35.0,Bac+2,16.7,A1501,26355,1.0,0,"Candidat très dynamique, mobilité nationale validée. Projet clair.",1
ID_1583,23.0,Bac+2,1.9,M1801,01051,1.0,0,"Profil autonome, recherche active, aucun frein périphérique identifié.",0
ID_1584,54.0,Sans diplôme,5.1,A1301,76522,1.0,1,"Perte de confiance importante. Risque d'exclusion, barrière de la langue.",2
ID_1585,30.0,Sans diplôme,1.7,M1805,23144,1.0,0,Projet de reconversion à affiner. Besoin d'une formation complémentaire.,1
ID_1586,,Bac+5,4.8,K2106,61426,0.0,0,Compétences à réactualiser sur les outils numériques. Motivation correcte.,0
ID_1587,22.0,Bac+2,2.7,D1406,54170,1.0,1,"Profil autonome, recherche active, aucun frein périphérique identifié.",1
ID_1588,30.0,Bac+5,6.5,K1304,87141,0.0,0,"Candidat très dynamique, mobilité nationale validée. Projet clair.",0
ID_1589,34.0,Bac+2,1.6,K2106,27654,0.0,0,"Candidat très dynamique, mobilité nationale validée. Projet clair.",0
ID_1590,57.0,Bac,2.8,A1203,47312,0.0,1,Compétences à réactualiser sur les outils numériques. Motivation correcte.,2
ID_1591,62.0,Bac+2,3.0,M1501,78586,1.0,0,Projet de reconversion à affiner. Besoin d'une formation complémentaire.,1
ID_1592,49.0,Bac+5,1.6,K2101,57625,0.0,0,,0
ID_1593,46.0,Bac,0.5,G1801,90086,1.0,0,Compétences à réactualiser sur les outils numériques. Motivation correcte.,1
ID_1594,20.0,,0.3,A1301,54040,0.0,0,Problème ponctuel de mobilité géographique. Zone mal desservie.,1
ID_1595,57.0,Sans diplôme,0.1,C1102,35125,1.0,0,"Profil autonome, recherche active, aucun frein périphérique identifié.",2
ID_1596,51.0,Bac,6.2,N1301,19095,1.0,0,,1
ID_1597,57.0,Bac+2,0.8,N4301,89119,0.0,0,Compétences à réactualiser sur les outils numériques. Motivation correcte.,1
ID_1598,44.0,Bac,0.7,H1504,60598,0.0,0,Compétences à réactualiser sur les outils numériques. Motivation correcte.,1
ID_1599,30.0,Bac,4.0,J1506,77267,1.0,0,"Profil autonome, recherche active, aucun frein périphérique identifié.",0
ID_1600,62.0,Bac,1.2,H1504,43162,1.0,0,Projet de reconversion à affiner. Besoin d'une formation complémentaire.,1
ID_1601,50.0,Bac,2.1,H1206,10271,1.0,0,"Perte de confiance importante. Risque d'exclusion, barrière de la langue.",0
ID_1602,23.0,Bac,0.5,D1503,01118,0.0,0,Compétences à réactualiser sur les outils numériques. Motivation correcte.,1
ID_1603,41.0,Bac,9.6,C1302,40174,1.0,1,"Excellente présentation, compétences techniques à jour. Reprise rapide visée.",1
ID_1604,36.0,Bac+5,5.7,K1201,69196,1.0,1,"Excellente présentation, compétences techniques à jour. Reprise rapide visée.",0
ID_1605,33.0,Bac,6.0,D1210,76382,0.0,0,Compétences à réactualiser sur les outils numériques. Motivation correcte.,0
ID_1606,57.0,Sans diplôme,1.6,A1401,17038,1.0,0,"Candidat très dynamique, mobilité nationale validée. Projet clair.",2
ID_1607,45.0,Sans diplôme,4.3,J1301,16246,0.0,0,"Excellente présentation, compétences techniques à jour. Reprise rapide visée.",0
ID_1608,50.0,Bac+2,0.5,H2502,78470,1.0,0,"Excellente présentation, compétences techniques à jour. Reprise rapide visée.",0
ID_1609,58.0,Bac,0.0,C1110,78077,1.0,0,Compétences à réactualiser sur les outils numériques. Motivation correcte.,1
ID_1610,30.0,Bac+5,0.1,G1602,56140,0.0,0,"Perte de confiance importante. Risque d'exclusion, barrière de la langue.",0
ID_1611,60.0,Bac+2,2.7,N1301,18171,0.0,0,Projet de reconversion à affiner. Besoin d'une formation complémentaire.,1
ID_1612,62.0,Bac+2,1.8,D1210,21715,0.0,1,Cumul de difficultés. Pas de moyen de transport et garde d'enfants complexe.,2
ID_1613,42.0,Bac,2.2,C1201,39522,1.0,0,Projet de reconversion à affiner. Besoin d'une formation complémentaire.,0
ID_1614,59.0,Bac+2,0.0,N1303,38020,1.0,0,Compétences à réactualiser sur les outils numériques. Motivation correcte.,1
ID_1615,53.0,Bac,1.6,M1203,52007,1.0,0,Compétences à réactualiser sur les outils numériques. Motivation correcte.,1
ID_1616,44.0,Bac+5,3.8,N1301,43230,1.0,0,"Perte de confiance importante. Risque d'exclusion, barrière de la langue.",0
ID_1617,55.0,Bac+2,1.8,M1805,61137,0.0,0,Projet de reconversion à affiner. Besoin d'une formation complémentaire.,1
ID_1618,24.0,Bac,4.0,M1203,64322,1.0,0,Compétences à réactualiser sur les outils numériques. Motivation correcte.,1
ID_1619,22.0,Bac,0.8,C1302,21045,1.0,0,Problème ponctuel de mobilité géographique. Zone mal desservie.,1
ID_1620,60.0,Sans diplôme,5.0,M1705,58056,1.0,0,"Profil autonome, recherche active, aucun frein périphérique identifié.",2
ID_1621,62.0,Bac+2,2.7,G1302,65062,0.0,0,Compétences à réactualiser sur les outils numériques. Motivation correcte.,1
ID_1622,48.0,Bac,0.7,K1403,56040,0.0,0,"Perte de confiance importante. Risque d'exclusion, barrière de la langue.",0
ID_1623,40.0,Bac,0.8,I1304,01358,1.0,1,Problème ponctuel de mobilité géographique. Zone mal desservie.,1
ID_1624,59.0,Bac,3.0,K2111,76537,1.0,0,Cumul de difficultés. Pas de moyen de transport et garde d'enfants complexe.,1
ID_1625,27.0,Bac+2,5.3,J1301,33400,,1,"Excellente présentation, compétences techniques à jour. Reprise rapide visée.",0
ID_1626,49.0,Bac+5,1.6,C1102,85151,1.0,0,"Profil autonome, recherche active, aucun frein périphérique identifié.",0
ID_1627,60.0,Bac+2,0.9,G1302,30129,1.0,0,Freins périphériques majeurs. Situation d'illettrisme numérique constatée.,1
ID_1628,47.0,Bac+2,6.1,A1202,57142,0.0,0,"Candidat très dynamique, mobilité nationale validée. Projet clair.",0
ID_1629,56.0,Sans diplôme,3.3,D1210,51625,1.0,0,"Perte de confiance importante. Risque d'exclusion, barrière de la langue.",2
ID_1630,,Sans diplôme,1.8,K1403,14220,1.0,0,"Candidat très dynamique, mobilité nationale validée. Projet clair.",1
ID_1631,35.0,Bac+2,2.0,M1801,86026,0.0,0,"Profil autonome, recherche active, aucun frein périphérique identifié.",0
ID_1632,53.0,Bac,0.7,J1506,70176,1.0,1,Problème ponctuel de mobilité géographique. Zone mal desservie.,1
ID_1633,19.0,Bac,3.0,K1201,58104,1.0,0,Freins périphériques majeurs. Situation d'illettrisme numérique constatée.,0
ID_1634,31.0,Sans diplôme,1.3,K2106,28316,1.0,0,,1
ID_1635,30.0,Bac,16.3,N4301,47071,0.0,0,Problème ponctuel de mobilité géographique. Zone mal desservie.,1
ID_1636,46.0,Sans diplôme,2.0,A1501,59263,0.0,0,"Profil autonome, recherche active, aucun frein périphérique identifié.",1
ID_1637,29.0,Bac+5,2.0,C1201,07100,1.0,0,,0
ID_1638,56.0,Bac,2.5,W1401,21617,0.0,0,"Perte de confiance importante. Risque d'exclusion, barrière de la langue.",1
ID_1639,19.0,Bac,7.5,J1301,65385,1.0,0,"Profil autonome, recherche active, aucun frein périphérique identifié.",0
ID_1640,49.0,Sans diplôme,4.8,C1102,51583,0.0,0,Problème ponctuel de mobilité géographique. Zone mal desservie.,1
ID_1641,30.0,Bac+2,1.8,N1303,63379,0.0,0,"Candidat très dynamique, mobilité nationale validée. Projet clair.",0
ID_1642,63.0,Bac,3.8,I1304,02633,1.0,0,Problème ponctuel de mobilité géographique. Zone mal desservie.,1
ID_1643,44.0,Bac+5,2.6,C1102,34286,1.0,0,"Excellente présentation, compétences techniques à jour. Reprise rapide visée.",0
ID_1644,58.0,Bac+5,2.0,N1301,30337,1.0,0,"Excellente présentation, compétences techniques à jour. Reprise rapide visée.",0
ID_1645,34.0,Bac,0.6,D1210,76532,0.0,0,"Candidat très dynamique, mobilité nationale validée. Projet clair.",0
ID_1646,57.0,Bac+5,1.9,N1101,22194,1.0,0,"Profil autonome, recherche active, aucun frein périphérique identifié.",0
ID_1647,48.0,Bac+5,0.8,M1805,54507,,0,"Candidat très dynamique, mobilité nationale validée. Projet clair.",0
ID_1648,51.0,Bac+5,7.4,I1304,41285,1.0,0,Problème ponctuel de mobilité géographique. Zone mal desservie.,1
ID_1649,41.0,Bac+5,1.2,G1801,76442,1.0,0,Problème ponctuel de mobilité géographique. Zone mal desservie.,0
ID_1650,62.0,Bac,9.1,M1806,69200,0.0,0,Cumul de difficultés. Pas de moyen de transport et garde d'enfants complexe.,1
ID_1651,,Bac,2.3,A1301,73095,1.0,0,Projet de reconversion à affiner. Besoin d'une formation complémentaire.,1
ID_1652,23.0,Sans diplôme,3.0,M1802,77008,0.0,0,Projet de reconversion à affiner. Besoin d'une formation complémentaire.,1
ID_1653,36.0,,2.3,M1607,70154,1.0,0,Cumul de difficultés. Pas de moyen de transport et garde d'enfants complexe.,2
ID_1654,47.0,Bac+5,0.4,A1203,12093,1.0,0,Freins périphériques majeurs. Situation d'illettrisme numérique constatée.,0
ID_1655,24.0,Bac,1.4,G1302,64095,1.0,0,Compétences à réactualiser sur les outils numériques. Motivation correcte.,1
ID_1656,27.0,Bac+2,0.3,M1501,11176,1.0,0,Freins périphériques majeurs. Situation d'illettrisme numérique constatée.,2
ID_1657,58.0,Bac+5,2.9,J1506,79276,0.0,0,Projet de reconversion à affiner. Besoin d'une formation complémentaire.,0
ID_1658,49.0,Bac+5,1.8,J1506,28349,0.0,0,Compétences à réactualiser sur les outils numériques. Motivation correcte.,2
ID_1659,51.0,Bac+5,4.5,A1501,67198,0.0,0,"Excellente présentation, compétences techniques à jour. Reprise rapide visée.",0
ID_1660,45.0,Bac,0.7,N1303,10190,1.0,0,"Profil autonome, recherche active, aucun frein périphérique identifié.",0
ID_1661,32.0,Sans diplôme,0.5,G1801,54226,1.0,0,"Candidat très dynamique, mobilité nationale validée. Projet clair.",1
ID_1662,47.0,Bac,1.6,H1206,70257,0.0,0,"Profil autonome, recherche active, aucun frein périphérique identifié.",0
ID_1663,54.0,Sans diplôme,7.8,N4101,86189,1.0,0,"Perte de confiance importante. Risque d'exclusion, barrière de la langue.",2
ID_1664,46.0,Sans diplôme,3.7,M1705,39390,0.0,0,Problème ponctuel de mobilité géographique. Zone mal desservie.,1
ID_1665,39.0,Bac,1.6,A1203,62626,0.0,0,Problème ponctuel de mobilité géographique. Zone mal desservie.,1
ID_1666,21.0,Bac+2,2.2,A1301,10063,1.0,0,Problème ponctuel de mobilité géographique. Zone mal desservie.,1
ID_1667,37.0,,0.3,D1210,24025,1.0,0,"Profil autonome, recherche active, aucun frein périphérique identifié.",0
ID_1668,,Bac,12.5,C1201,39424,1.0,0,"Candidat très dynamique, mobilité nationale validée. Projet clair.",1
ID_1669,53.0,Bac+2,3.3,D1406,24468,0.0,0,"Perte de confiance importante. Risque d'exclusion, barrière de la langue.",1
ID_1670,21.0,,1.0,M1705,63434,1.0,1,Cumul de difficultés. Pas de moyen de transport et garde d'enfants complexe.,1
ID_1671,44.0,,2.6,K2111,88078,0.0,0,"Excellente présentation, compétences techniques à jour. Reprise rapide visée.",1
ID_1672,34.0,Bac+2,0.3,G1601,27288,0.0,0,Cumul de difficultés. Pas de moyen de transport et garde d'enfants complexe.,0
ID_1673,29.0,Bac+2,10.1,M1501,44076,1.0,0,Projet de reconversion à affiner. Besoin d'une formation complémentaire.,1
ID_1674,39.0,Bac+2,0.6,M1501,51141,1.0,0,Freins périphériques majeurs. Situation d'illettrisme numérique constatée.,1
ID_1675,34.0,Sans diplôme,3.1,K1903,38275,0.0,0,Freins périphériques majeurs. Situation d'illettrisme numérique constatée.,1
ID_1676,27.0,Bac+5,0.8,H1504,16245,0.0,0,"Excellente présentation, compétences techniques à jour. Reprise rapide visée.",0
ID_1677,18.0,Bac+2,3.8,A1501,76594,1.0,0,"Candidat très dynamique, mobilité nationale validée. Projet clair.",1
ID_1678,39.0,Bac,4.5,M1607,74040,0.0,0,Problème ponctuel de mobilité géographique. Zone mal desservie.,1
ID_1679,43.0,Bac+2,3.4,G1302,02717,1.0,0,"Profil autonome, recherche active, aucun frein périphérique identifié.",1
ID_1680,35.0,Bac+5,2.9,M1602,21680,1.0,0,,0
ID_1681,31.0,Bac,6.7,K1601,61140,0.0,0,Problème ponctuel de mobilité géographique. Zone mal desservie.,1
ID_1682,46.0,Bac,0.2,C1501,45012,1.0,0,Problème ponctuel de mobilité géographique. Zone mal desservie.,1
ID_1683,29.0,Bac+5,1.2,H1504,84123,1.0,0,"Profil autonome, recherche active, aucun frein périphérique identifié.",0
ID_1684,53.0,Bac+2,0.9,G1801,94052,0.0,0,Projet de reconversion à affiner. Besoin d'une formation complémentaire.,1
ID_1685,52.0,Bac,13.3,N4301,89128,1.0,0,Projet de reconversion à affiner. Besoin d'une formation complémentaire.,2
ID_1686,29.0,Bac+2,1.5,G1601,62148,0.0,0,"Excellente présentation, compétences techniques à jour. Reprise rapide visée.",0
ID_1687,24.0,Bac,4.0,K2111,58207,1.0,0,"Excellente présentation, compétences techniques à jour. Reprise rapide visée.",0
ID_1688,46.0,Bac,3.5,M1801,61386,0.0,0,Projet de reconversion à affiner. Besoin d'une formation complémentaire.,1
ID_1689,28.0,Bac,0.7,G1801,23158,,0,Problème ponctuel de mobilité géographique. Zone mal desservie.,1
ID_1690,50.0,Bac+5,0.8,K1601,25597,0.0,0,"Perte de confiance importante. Risque d'exclusion, barrière de la langue.",2
ID_1691,23.0,Bac+5,1.0,A1401,37154,0.0,0,"Profil autonome, recherche active, aucun frein périphérique identifié.",0
ID_1692,32.0,Bac,1.6,A1401,06047,1.0,0,Projet de reconversion à affiner. Besoin d'une formation complémentaire.,1
ID_1693,,Bac,0.8,G1602,69100,0.0,0,"Profil autonome, recherche active, aucun frein périphérique identifié.",0
ID_1694,28.0,Bac,0.1,H1504,06076,0.0,0,"Perte de confiance importante. Risque d'exclusion, barrière de la langue.",1
ID_1695,40.0,Bac+5,6.3,H2502,55449,0.0,0,"Profil autonome, recherche active, aucun frein périphérique identifié.",0
ID_1696,43.0,Bac+5,10.1,G1203,50034,0.0,0,Compétences à réactualiser sur les outils numériques. Motivation correcte.,1
ID_1697,51.0,Bac+2,1.3,K1601,01393,1.0,0,"Candidat très dynamique, mobilité nationale validée. Projet clair.",1
ID_1698,63.0,Bac+5,1.2,J1301,61445,1.0,0,Problème ponctuel de mobilité géographique. Zone mal desservie.,0
ID_1699,51.0,Bac+2,0.0,A1301,28188,0.0,0,Freins périphériques majeurs. Situation d'illettrisme numérique constatée.,1
ID_1700,46.0,Bac,3.4,G1302,70511,1.0,1,Compétences à réactualiser sur les outils numériques. Motivation correcte.,1
ID_1701,21.0,Sans diplôme,5.2,K1903,26035,1.0,0,Freins périphériques majeurs. Situation d'illettrisme numérique constatée.,2
ID_1702,34.0,,0.5,D1406,54591,,0,Projet de reconversion à affiner. Besoin d'une formation complémentaire.,0
ID_1703,52.0,Bac+2,0.5,G1302,66231,0.0,0,"Perte de confiance importante. Risque d'exclusion, barrière de la langue.",2
ID_1704,30.0,Bac+2,4.7,D1401,32316,1.0,0,"Excellente présentation, compétences techniques à jour. Reprise rapide visée.",0
ID_1705,58.0,Bac,2.9,A1501,61497,1.0,0,Problème ponctuel de mobilité géographique. Zone mal desservie.,1
ID_1706,56.0,Bac+5,0.1,M1806,80056,1.0,0,Projet de reconversion à affiner. Besoin d'une formation complémentaire.,0
ID_1707,32.0,Sans diplôme,2.9,N4301,76390,1.0,0,Projet de reconversion à affiner. Besoin d'une formation complémentaire.,1
ID_1708,46.0,Bac,1.1,C1302,72153,0.0,1,Projet de reconversion à affiner. Besoin d'une formation complémentaire.,1
ID_1709,46.0,Bac+2,1.4,G1602,08351,1.0,0,"Excellente présentation, compétences techniques à jour. Reprise rapide visée.",0
ID_1710,28.0,,4.4,F1603,97309,1.0,0,Problème ponctuel de mobilité géographique. Zone mal desservie.,1
ID_1711,49.0,Bac+2,5.0,C1110,32145,1.0,1,Problème ponctuel de mobilité géographique. Zone mal desservie.,1
ID_1712,,Bac,1.5,G1601,61464,0.0,1,Compétences à réactualiser sur les outils numériques. Motivation correcte.,1
ID_1713,,Sans diplôme,8.8,M1806,69037,1.0,0,Cumul de difficultés. Pas de moyen de transport et garde d'enfants complexe.,1
ID_1714,37.0,Bac+2,1.6,K2101,11120,1.0,0,Problème ponctuel de mobilité géographique. Zone mal desservie.,0
ID_1715,39.0,Bac,4.4,C1201,11181,1.0,0,"Excellente présentation, compétences techniques à jour. Reprise rapide visée.",0
ID_1716,28.0,Sans diplôme,2.0,M1805,36161,1.0,0,Cumul de difficultés. Pas de moyen de transport et garde d'enfants complexe.,1
ID_1717,44.0,Bac+2,6.8,M1802,56145,1.0,0,"Perte de confiance importante. Risque d'exclusion, barrière de la langue.",0
ID_1718,20.0,Bac,7.2,K2111,84084,0.0,0,"Perte de confiance importante. Risque d'exclusion, barrière de la langue.",2
ID_1719,34.0,Bac+2,0.3,N1301,53064,1.0,0,,0
ID_1720,,Bac+5,8.3,H2502,64199,0.0,0,Problème ponctuel de mobilité géographique. Zone mal desservie.,1
ID_1721,45.0,Sans diplôme,5.2,D1502,27389,1.0,0,Compétences à réactualiser sur les outils numériques. Motivation correcte.,1
ID_1722,46.0,,4.7,A1203,57076,0.0,0,Compétences à réactualiser sur les outils numériques. Motivation correcte.,2
ID_1723,38.0,Bac+2,0.7,G1302,57443,1.0,0,Freins périphériques majeurs. Situation d'illettrisme numérique constatée.,1
ID_1724,,Bac+2,4.9,D1210,35054,1.0,0,Problème ponctuel de mobilité géographique. Zone mal desservie.,0
ID_1725,54.0,Bac+2,5.7,G1302,50579,1.0,0,"Perte de confiance importante. Risque d'exclusion, barrière de la langue.",0
ID_1726,37.0,Bac+5,1.0,A1401,03253,0.0,0,Problème ponctuel de mobilité géographique. Zone mal desservie.,0
ID_1727,23.0,Bac+5,9.1,M1801,55010,1.0,0,"Perte de confiance importante. Risque d'exclusion, barrière de la langue.",0
ID_1728,36.0,Bac+5,0.2,C1201,16218,0.0,0,"Excellente présentation, compétences techniques à jour. Reprise rapide visée.",0
ID_1729,22.0,Bac,0.5,D1210,61493,0.0,0,"Excellente présentation, compétences techniques à jour. Reprise rapide visée.",1
ID_1730,20.0,Bac,2.3,H1206,65311,0.0,0,"Profil autonome, recherche active, aucun frein périphérique identifié.",0
ID_1731,18.0,Bac,2.6,H1504,56102,1.0,0,"Profil autonome, recherche active, aucun frein périphérique identifié.",0
ID_1732,55.0,Sans diplôme,3.1,J1301,08119,1.0,0,Compétences à réactualiser sur les outils numériques. Motivation correcte.,1
ID_1733,32.0,Bac,0.1,A1202,21362,1.0,0,Compétences à réactualiser sur les outils numériques. Motivation correcte.,1
ID_1734,51.0,Bac,9.7,K2106,60046,1.0,0,"Excellente présentation, compétences techniques à jour. Reprise rapide visée.",2
ID_1735,52.0,Bac+5,0.1,A1203,26170,0.0,0,Projet de reconversion à affiner. Besoin d'une formation complémentaire.,1
ID_1736,42.0,Bac,0.5,K1903,76259,1.0,0,Compétences à réactualiser sur les outils numériques. Motivation correcte.,1
ID_1737,41.0,Bac,0.0,A1301,27106,0.0,0,Cumul de difficultés. Pas de moyen de transport et garde d'enfants complexe.,0
ID_1738,29.0,Bac,2.5,A1203,88373,0.0,0,,2
ID_1739,35.0,Sans diplôme,8.1,J1301,33294,0.0,0,Cumul de difficultés. Pas de moyen de transport et garde d'enfants complexe.,1
ID_1740,32.0,Sans diplôme,3.3,D1503,02495,1.0,0,"Candidat très dynamique, mobilité nationale validée. Projet clair.",2
ID_1741,61.0,Bac,5.2,W1401,70479,1.0,0,Compétences à réactualiser sur les outils numériques. Motivation correcte.,1
ID_1742,33.0,Sans diplôme,0.0,I1304,09250,0.0,0,Compétences à réactualiser sur les outils numériques. Motivation correcte.,1
ID_1743,,Bac+2,2.3,A1401,32357,1.0,0,"Candidat très dynamique, mobilité nationale validée. Projet clair.",2
ID_1744,25.0,Bac+5,1.8,K2111,08361,1.0,1,"Candidat très dynamique, mobilité nationale validée. Projet clair.",0
ID_1745,63.0,Bac+5,2.1,M1801,59047,0.0,1,Problème ponctuel de mobilité géographique. Zone mal desservie.,1
ID_1746,42.0,Bac+2,0.2,A1301,46283,1.0,0,Freins périphériques majeurs. Situation d'illettrisme numérique constatée.,2
ID_1747,,,3.5,C1302,95024,1.0,0,Cumul de difficultés. Pas de moyen de transport et garde d'enfants complexe.,0
ID_1748,46.0,Bac+5,2.1,D1210,31097,1.0,0,"Profil autonome, recherche active, aucun frein périphérique identifié.",0
ID_1749,25.0,Bac+5,4.3,W1401,21631,1.0,1,"Excellente présentation, compétences techniques à jour. Reprise rapide visée.",0
ID_1750,32.0,Sans diplôme,2.0,A1203,58295,1.0,0,Problème ponctuel de mobilité géographique. Zone mal desservie.,0
ID_1751,44.0,Bac+2,0.5,A1401,01289,0.0,0,"Perte de confiance importante. Risque d'exclusion, barrière de la langue.",2
ID_1752,63.0,Bac,3.1,A1401,85266,1.0,0,Compétences à réactualiser sur les outils numériques. Motivation correcte.,1
ID_1753,24.0,Bac+5,0.6,G1601,76588,1.0,0,"Perte de confiance importante. Risque d'exclusion, barrière de la langue.",1
ID_1754,20.0,Bac+5,6.2,H1206,37174,0.0,0,"Perte de confiance importante. Risque d'exclusion, barrière de la langue.",2
ID_1755,,Sans diplôme,2.8,A1301,17234,1.0,0,"Excellente présentation, compétences techniques à jour. Reprise rapide visée.",1
ID_1756,61.0,Bac+5,0.5,A1501,72048,1.0,0,"Candidat très dynamique, mobilité nationale validée. Projet clair.",0
ID_1757,41.0,Bac+2,9.8,J1506,28407,,0,"Excellente présentation, compétences techniques à jour. Reprise rapide visée.",0
ID_1758,20.0,Bac+5,2.2,M1501,10387,1.0,1,"Excellente présentation, compétences techniques à jour. Reprise rapide visée.",1
ID_1759,37.0,Bac,0.2,G1602,95157,1.0,0,"Profil autonome, recherche active, aucun frein périphérique identifié.",0
ID_1760,63.0,Bac+5,3.0,A1501,59495,0.0,0,Compétences à réactualiser sur les outils numériques. Motivation correcte.,1
ID_1761,32.0,Sans diplôme,0.9,K1403,2B149,0.0,0,Problème ponctuel de mobilité géographique. Zone mal desservie.,1
ID_1762,42.0,Bac,4.9,C1110,76359,0.0,0,Freins périphériques majeurs. Situation d'illettrisme numérique constatée.,1
ID_1763,47.0,Sans diplôme,5.1,H1504,24238,1.0,0,"Profil autonome, recherche active, aucun frein périphérique identifié.",1
ID_1764,31.0,Bac+5,11.6,M1806,50461,1.0,0,"Excellente présentation, compétences techniques à jour. Reprise rapide visée.",0
ID_1765,24.0,Bac+5,2.1,K1304,40027,1.0,0,"Profil autonome, recherche active, aucun frein périphérique identifié.",0
ID_1766,34.0,Bac+5,1.8,J1301,13026,0.0,0,"Excellente présentation, compétences techniques à jour. Reprise rapide visée.",0
ID_1767,61.0,Bac+5,4.2,C1110,72354,0.0,0,Problème ponctuel de mobilité géographique. Zone mal desservie.,1
ID_1768,37.0,Sans diplôme,0.4,K1201,06149,0.0,1,Compétences à réactualiser sur les outils numériques. Motivation correcte.,1
ID_1769,53.0,,2.4,A1401,28394,1.0,0,"Perte de confiance importante. Risque d'exclusion, barrière de la langue.",0
ID_1770,26.0,Sans diplôme,2.4,J1301,67295,1.0,0,Cumul de difficultés. Pas de moyen de transport et garde d'enfants complexe.,0
ID_1771,55.0,Bac,0.3,A1203,44164,1.0,0,,1
ID_1772,39.0,Bac,1.6,W1401,29087,0.0,0,Problème ponctuel de mobilité géographique. Zone mal desservie.,1
ID_1773,19.0,Bac,5.8,M1802,64311,1.0,0,"Perte de confiance importante. Risque d'exclusion, barrière de la langue.",2
ID_1774,41.0,Bac,5.8,H2502,38018,1.0,0,"Profil autonome, recherche active, aucun frein périphérique identifié.",0
ID_1775,25.0,Sans diplôme,0.3,M1801,43168,0.0,0,Projet de reconversion à affiner. Besoin d'une formation complémentaire.,1
ID_1776,28.0,Sans diplôme,0.3,D1503,09043,1.0,0,"Profil autonome, recherche active, aucun frein périphérique identifié.",0
ID_1777,30.0,Sans diplôme,0.9,C1102,51522,0.0,0,"Perte de confiance importante. Risque d'exclusion, barrière de la langue.",1
ID_1778,34.0,Bac+5,6.2,M1203,12186,0.0,0,"Candidat très dynamique, mobilité nationale validée. Projet clair.",0
ID_1779,25.0,Bac+2,0.4,C1110,97420,0.0,1,"Perte de confiance importante. Risque d'exclusion, barrière de la langue.",2
ID_1780,38.0,Bac+5,3.8,C1302,66052,1.0,0,"Excellente présentation, compétences techniques à jour. Reprise rapide visée.",0
ID_1781,35.0,Bac,0.3,N1301,21262,1.0,0,"Profil autonome, recherche active, aucun frein périphérique identifié.",0
ID_1782,47.0,Bac,2.9,M1806,95060,0.0,0,"Profil autonome, recherche active, aucun frein périphérique identifié.",0
ID_1783,35.0,Bac+2,1.3,J1506,64285,0.0,0,"Profil autonome, recherche active, aucun frein périphérique identifié.",0
ID_1784,63.0,Bac,4.7,K2101,25014,1.0,0,"Perte de confiance importante. Risque d'exclusion, barrière de la langue.",1
ID_1785,48.0,Bac,0.8,M1602,53168,,0,Compétences à réactualiser sur les outils numériques. Motivation correcte.,1
ID_1786,55.0,Bac,3.1,D1401,01361,1.0,0,"Profil autonome, recherche active, aucun frein périphérique identifié.",0
ID_1787,49.0,Sans diplôme,0.8,M1602,78209,0.0,0,Cumul de difficultés. Pas de moyen de transport et garde d'enfants complexe.,1
ID_1788,,Bac,3.8,H2502,21689,0.0,0,Freins périphériques majeurs. Situation d'illettrisme numérique constatée.,0
ID_1789,62.0,Bac,6.2,N4101,21039,0.0,0,Problème ponctuel de mobilité géographique. Zone mal desservie.,1
ID_1790,42.0,Bac+2,0.4,M1501,60277,0.0,0,Problème ponctuel de mobilité géographique. Zone mal desservie.,0
ID_1791,50.0,Sans diplôme,6.0,G1302,52423,1.0,0,Cumul de difficultés. Pas de moyen de transport et garde d'enfants complexe.,2
ID_1792,55.0,Bac,2.7,G1601,86248,1.0,0,Problème ponctuel de mobilité géographique. Zone mal desservie.,1
ID_1793,58.0,Bac+5,0.4,D1210,16102,1.0,1,"Profil autonome, recherche active, aucun frein périphérique identifié.",1
ID_1794,25.0,Sans diplôme,1.7,G1302,22068,1.0,0,Problème ponctuel de mobilité géographique. Zone mal desservie.,1
ID_1795,28.0,Bac,0.5,H1206,31309,0.0,0,"Excellente présentation, compétences techniques à jour. Reprise rapide visée.",0
ID_1796,39.0,Bac+5,3.6,D1503,80377,0.0,0,"Profil autonome, recherche active, aucun frein périphérique identifié.",0
ID_1797,41.0,Sans diplôme,4.3,A1401,31329,1.0,0,,1
ID_1798,58.0,Sans diplôme,0.3,H1504,57689,0.0,0,"Profil autonome, recherche active, aucun frein périphérique identifié.",0
ID_1799,34.0,Bac,2.1,C1201,55503,0.0,0,Projet de reconversion à affiner. Besoin d'une formation complémentaire.,0
ID_1800,29.0,Bac,5.1,K2111,63076,0.0,0,"Perte de confiance importante. Risque d'exclusion, barrière de la langue.",0
ID_1801,63.0,Bac,8.3,C1302,56167,0.0,0,Projet de reconversion à affiner. Besoin d'une formation complémentaire.,2
ID_1802,49.0,Bac+5,2.2,C1302,51098,0.0,0,"Candidat très dynamique, mobilité nationale validée. Projet clair.",0
ID_1803,32.0,Sans diplôme,9.0,C1501,22132,1.0,0,"Perte de confiance importante. Risque d'exclusion, barrière de la langue.",2
ID_1804,33.0,Bac,2.3,A1203,21295,1.0,0,Compétences à réactualiser sur les outils numériques. Motivation correcte.,1
ID_1805,39.0,Bac,1.5,M1607,67167,0.0,1,Compétences à réactualiser sur les outils numériques. Motivation correcte.,1
ID_1806,,Sans diplôme,5.7,G1302,27205,0.0,0,Projet de reconversion à affiner. Besoin d'une formation complémentaire.,0
ID_1807,37.0,Bac+2,2.0,A1202,39084,1.0,0,"Excellente présentation, compétences techniques à jour. Reprise rapide visée.",1
ID_1808,50.0,Bac,1.9,G1302,48081,0.0,0,Compétences à réactualiser sur les outils numériques. Motivation correcte.,1
ID_1809,27.0,Bac,2.0,M1501,69256,0.0,0,Projet de reconversion à affiner. Besoin d'une formation complémentaire.,1
ID_1810,57.0,Sans diplôme,5.6,K1601,09236,0.0,0,"Perte de confiance importante. Risque d'exclusion, barrière de la langue.",2
ID_1811,49.0,Bac,5.4,K2101,29134,0.0,0,Projet de reconversion à affiner. Besoin d'une formation complémentaire.,0
ID_1812,50.0,Bac,1.6,K1304,31449,1.0,0,Projet de reconversion à affiner. Besoin d'une formation complémentaire.,1
ID_1813,19.0,Bac+5,1.2,D1406,40204,1.0,1,Freins périphériques majeurs. Situation d'illettrisme numérique constatée.,2
ID_1814,50.0,Sans diplôme,2.0,D1503,45307,0.0,0,"Profil autonome, recherche active, aucun frein périphérique identifié.",0
ID_1815,50.0,Bac,2.6,N1101,21090,0.0,0,Cumul de difficultés. Pas de moyen de transport et garde d'enfants complexe.,1
ID_1816,58.0,Bac,0.8,G1302,51134,0.0,0,"Excellente présentation, compétences techniques à jour. Reprise rapide visée.",0
ID_1817,30.0,Bac+2,4.7,A1301,70145,0.0,0,Projet de reconversion à affiner. Besoin d'une formation complémentaire.,1
ID_1818,47.0,Bac,2.0,G1801,57491,1.0,0,Projet de reconversion à affiner. Besoin d'une formation complémentaire.,1
ID_1819,50.0,Bac+2,1.2,I1304,32104,1.0,0,Problème ponctuel de mobilité géographique. Zone mal desservie.,0
ID_1820,30.0,Bac+2,0.3,N1303,02421,,0,Freins périphériques majeurs. Situation d'illettrisme numérique constatée.,1
ID_1821,43.0,Bac+5,0.8,D1210,21219,1.0,0,"Excellente présentation, compétences techniques à jour. Reprise rapide visée.",0
ID_1822,39.0,Bac,8.9,A1501,69062,1.0,0,"Profil autonome, recherche active, aucun frein périphérique identifié.",2
ID_1823,56.0,Bac,1.1,M1805,67361,1.0,0,Problème ponctuel de mobilité géographique. Zone mal desservie.,1
ID_1824,19.0,Bac+5,0.6,M1203,47321,0.0,0,"Perte de confiance importante. Risque d'exclusion, barrière de la langue.",0
ID_1825,55.0,Bac+5,1.9,N4101,76572,0.0,0,"Candidat très dynamique, mobilité nationale validée. Projet clair.",2
ID_1826,56.0,Bac+5,1.1,H1206,56123,1.0,0,"Excellente présentation, compétences techniques à jour. Reprise rapide visée.",0
ID_1827,43.0,Bac,0.1,N4301,72021,0.0,0,,1
ID_1828,63.0,Sans diplôme,1.2,N1303,35016,1.0,0,Cumul de difficultés. Pas de moyen de transport et garde d'enfants complexe.,2
ID_1829,32.0,Bac,2.4,M1501,30319,1.0,0,Compétences à réactualiser sur les outils numériques. Motivation correcte.,1
ID_1830,51.0,Bac+2,2.4,C1201,21693,1.0,0,"Candidat très dynamique, mobilité nationale validée. Projet clair.",1
ID_1831,59.0,Bac,1.3,H1206,13081,0.0,0,Problème ponctuel de mobilité géographique. Zone mal desservie.,1
ID_1832,61.0,Bac,1.8,A1401,24209,1.0,0,"Candidat très dynamique, mobilité nationale validée. Projet clair.",1
ID_1833,57.0,Bac+5,10.1,K2101,72283,0.0,0,"Profil autonome, recherche active, aucun frein périphérique identifié.",0
ID_1834,28.0,Bac,1.4,D1401,41051,1.0,0,Cumul de difficultés. Pas de moyen de transport et garde d'enfants complexe.,0
ID_1835,20.0,Bac+5,0.9,M1802,86262,0.0,1,Cumul de difficultés. Pas de moyen de transport et garde d'enfants complexe.,0
ID_1836,23.0,Bac,0.8,D1503,10059,1.0,0,"Profil autonome, recherche active, aucun frein périphérique identifié.",1
ID_1837,26.0,Bac,1.8,M1805,65054,1.0,0,Problème ponctuel de mobilité géographique. Zone mal desservie.,0
ID_1838,23.0,Bac,4.3,J1301,22204,1.0,0,Problème ponctuel de mobilité géographique. Zone mal desservie.,1
ID_1839,26.0,Bac+2,0.7,M1805,09116,1.0,0,"Profil autonome, recherche active, aucun frein périphérique identifié.",0
ID_1840,56.0,Sans diplôme,3.7,C1501,38550,1.0,0,"Perte de confiance importante. Risque d'exclusion, barrière de la langue.",2
ID_1841,48.0,Sans diplôme,0.1,G1602,16145,1.0,0,"Perte de confiance importante. Risque d'exclusion, barrière de la langue.",2
ID_1842,49.0,Bac+5,1.6,K1304,81064,1.0,0,Cumul de difficultés. Pas de moyen de transport et garde d'enfants complexe.,0
ID_1843,58.0,Sans diplôme,4.5,M1203,70177,0.0,0,Problème ponctuel de mobilité géographique. Zone mal desservie.,2
ID_1844,29.0,Bac,1.2,M1602,53119,1.0,0,"Candidat très dynamique, mobilité nationale validée. Projet clair.",1
ID_1845,25.0,Bac,2.5,N1303,47060,1.0,0,Cumul de difficultés. Pas de moyen de transport et garde d'enfants complexe.,0
ID_1846,25.0,Bac,0.7,A1202,51445,1.0,0,Compétences à réactualiser sur les outils numériques. Motivation correcte.,1
ID_1847,45.0,Bac+2,4.1,A1401,2B179,0.0,0,Problème ponctuel de mobilité géographique. Zone mal desservie.,1
ID_1848,37.0,Bac,0.2,M1203,41116,1.0,1,Compétences à réactualiser sur les outils numériques. Motivation correcte.,1
ID_1849,24.0,Bac,5.7,K2101,11418,0.0,0,"Perte de confiance importante. Risque d'exclusion, barrière de la langue.",1
ID_1850,28.0,Bac,0.7,G1801,57138,0.0,0,"Candidat très dynamique, mobilité nationale validée. Projet clair.",2
ID_1851,37.0,Bac+2,6.2,J1301,31332,1.0,0,Freins périphériques majeurs. Situation d'illettrisme numérique constatée.,0
ID_1852,33.0,Sans diplôme,1.3,D1406,81141,0.0,0,"Candidat très dynamique, mobilité nationale validée. Projet clair.",1
ID_1853,21.0,Bac,3.8,G1601,87183,0.0,0,Compétences à réactualiser sur les outils numériques. Motivation correcte.,1
ID_1854,23.0,Sans diplôme,1.2,G1602,02579,1.0,1,Problème ponctuel de mobilité géographique. Zone mal desservie.,2
ID_1855,39.0,Bac,7.1,F1603,01026,0.0,0,Compétences à réactualiser sur les outils numériques. Motivation correcte.,1
ID_1856,43.0,Bac,0.4,H2502,02770,0.0,1,Freins périphériques majeurs. Situation d'illettrisme numérique constatée.,2
ID_1857,20.0,Sans diplôme,0.6,K2106,37248,0.0,0,"Profil autonome, recherche active, aucun frein périphérique identifié.",2
ID_1858,58.0,Bac+5,2.0,M1802,83060,1.0,0,"Excellente présentation, compétences techniques à jour. Reprise rapide visée.",0
ID_1859,59.0,Bac,0.3,M1805,43223,1.0,0,"Candidat très dynamique, mobilité nationale validée. Projet clair.",0
ID_1860,31.0,Bac+5,0.7,C1110,27593,1.0,0,Projet de reconversion à affiner. Besoin d'une formation complémentaire.,0
ID_1861,28.0,Bac+5,8.6,M1607,76389,0.0,0,Freins périphériques majeurs. Situation d'illettrisme numérique constatée.,2
ID_1862,,Bac,11.3,C1201,58250,0.0,0,Cumul de difficultés. Pas de moyen de transport et garde d'enfants complexe.,1
ID_1863,29.0,Sans diplôme,1.4,W1401,21432,0.0,0,"Profil autonome, recherche active, aucun frein périphérique identifié.",1
ID_1864,40.0,Bac,7.7,G1801,61404,1.0,0,Problème ponctuel de mobilité géographique. Zone mal desservie.,1
ID_1865,29.0,Bac+2,2.4,F1603,50504,1.0,0,Projet de reconversion à affiner. Besoin d'une formation complémentaire.,1
ID_1866,30.0,,0.9,D1502,56056,0.0,0,Problème ponctuel de mobilité géographique. Zone mal desservie.,2
ID_1867,42.0,Sans diplôme,3.6,K2106,59039,0.0,0,Freins périphériques majeurs. Situation d'illettrisme numérique constatée.,1
ID_1868,62.0,Bac,3.2,M1705,26051,0.0,0,Compétences à réactualiser sur les outils numériques. Motivation correcte.,1
ID_1869,36.0,Bac+5,13.6,N1303,42191,1.0,0,Problème ponctuel de mobilité géographique. Zone mal desservie.,0
ID_1870,63.0,Bac+2,0.9,A1202,30273,1.0,0,"Perte de confiance importante. Risque d'exclusion, barrière de la langue.",1
ID_1871,53.0,Sans diplôme,3.3,D1503,35178,1.0,0,Cumul de difficultés. Pas de moyen de transport et garde d'enfants complexe.,2
ID_1872,62.0,Bac+2,0.2,J1506,2B153,1.0,0,"Candidat très dynamique, mobilité nationale validée. Projet clair.",0
ID_1873,25.0,Bac,0.4,G1801,17462,1.0,0,"Profil autonome, recherche active, aucun frein périphérique identifié.",1
ID_1874,46.0,Bac,0.0,I1304,52184,0.0,0,"Profil autonome, recherche active, aucun frein périphérique identifié.",0
ID_1875,49.0,Bac+5,22.6,D1210,01424,0.0,0,"Candidat très dynamique, mobilité nationale validée. Projet clair.",0
ID_1876,61.0,Bac,4.9,M1203,10325,1.0,1,,2
ID_1877,35.0,Bac,4.6,J1506,57263,1.0,0,Compétences à réactualiser sur les outils numériques. Motivation correcte.,1
ID_1878,23.0,Sans diplôme,2.1,D1503,49193,1.0,0,Compétences à réactualiser sur les outils numériques. Motivation correcte.,1
ID_1879,,Bac+5,1.1,H1206,16189,1.0,0,"Perte de confiance importante. Risque d'exclusion, barrière de la langue.",0
ID_1880,36.0,Bac+2,0.5,N4101,28175,1.0,0,"Excellente présentation, compétences techniques à jour. Reprise rapide visée.",1
ID_1881,39.0,Bac+2,1.0,N1303,23136,1.0,0,"Profil autonome, recherche active, aucun frein périphérique identifié.",0
ID_1882,54.0,Bac+2,1.4,C1302,76158,1.0,0,Freins périphériques majeurs. Situation d'illettrisme numérique constatée.,2
ID_1883,49.0,Sans diplôme,4.2,K1403,60028,1.0,0,Compétences à réactualiser sur les outils numériques. Motivation correcte.,1
ID_1884,58.0,Bac,2.3,A1203,27101,0.0,0,Projet de reconversion à affiner. Besoin d'une formation complémentaire.,1
ID_1885,20.0,Bac,0.2,A1203,36182,1.0,0,Projet de reconversion à affiner. Besoin d'une formation complémentaire.,1
ID_1886,45.0,Sans diplôme,0.1,C1501,90064,1.0,0,"Candidat très dynamique, mobilité nationale validée. Projet clair.",0
ID_1887,27.0,Bac,0.3,H2502,60360,0.0,0,"Profil autonome, recherche active, aucun frein périphérique identifié.",0
ID_1888,52.0,Bac+5,1.6,C1501,39285,1.0,0,Projet de reconversion à affiner. Besoin d'une formation complémentaire.,1
ID_1889,,Sans diplôme,8.1,A1501,76299,1.0,0,Compétences à réactualiser sur les outils numériques. Motivation correcte.,2
ID_1890,,Bac,3.0,A1202,42185,0.0,0,Compétences à réactualiser sur les outils numériques. Motivation correcte.,1
ID_1891,50.0,Bac,4.9,K1903,16136,1.0,0,Problème ponctuel de mobilité géographique. Zone mal desservie.,1
ID_1892,24.0,Bac,1.9,A1501,02540,0.0,1,Freins périphériques majeurs. Situation d'illettrisme numérique constatée.,2
ID_1893,29.0,Bac+5,1.3,C1102,40101,1.0,1,Compétences à réactualiser sur les outils numériques. Motivation correcte.,1
ID_1894,47.0,Bac,0.3,K1403,34045,1.0,0,Compétences à réactualiser sur les outils numériques. Motivation correcte.,2
ID_1895,38.0,Bac,6.3,I1304,38248,0.0,0,"Excellente présentation, compétences techniques à jour. Reprise rapide visée.",0
ID_1896,48.0,Bac+2,4.6,M1203,57717,0.0,0,"Candidat très dynamique, mobilité nationale validée. Projet clair.",0
ID_1897,41.0,Sans diplôme,0.6,M1801,70075,1.0,1,Projet de reconversion à affiner. Besoin d'une formation complémentaire.,1
ID_1898,37.0,Bac,2.2,K2106,50034,0.0,0,"Excellente présentation, compétences techniques à jour. Reprise rapide visée.",0
ID_1899,54.0,Bac,2.0,I1304,61159,0.0,0,Compétences à réactualiser sur les outils numériques. Motivation correcte.,0
ID_1900,21.0,Bac,2.9,J1301,67038,1.0,0,"Profil autonome, recherche active, aucun frein périphérique identifié.",0
ID_1901,45.0,Bac+5,8.8,M1602,29297,0.0,0,"Excellente présentation, compétences techniques à jour. Reprise rapide visée.",0
ID_1902,61.0,Bac+2,2.6,D1503,93063,0.0,0,,2
ID_1903,37.0,Bac,2.3,C1201,47145,1.0,0,"Profil autonome, recherche active, aucun frein périphérique identifié.",0
ID_1904,41.0,Bac+5,0.2,K2101,56027,1.0,0,"Candidat très dynamique, mobilité nationale validée. Projet clair.",0
ID_1905,49.0,Sans diplôme,0.2,M1802,30069,1.0,0,Projet de reconversion à affiner. Besoin d'une formation complémentaire.,0
ID_1906,58.0,Sans diplôme,0.6,K2101,45051,1.0,0,"Perte de confiance importante. Risque d'exclusion, barrière de la langue.",2
ID_1907,53.0,Bac,0.1,H1206,01031,0.0,0,"Excellente présentation, compétences techniques à jour. Reprise rapide visée.",1
ID_1908,51.0,Bac,4.1,M1801,25317,0.0,0,Compétences à réactualiser sur les outils numériques. Motivation correcte.,1
ID_1909,53.0,Bac,3.9,G1601,64498,0.0,0,"Candidat très dynamique, mobilité nationale validée. Projet clair.",1
ID_1910,19.0,Bac+2,0.4,M1501,27366,1.0,0,"Perte de confiance importante. Risque d'exclusion, barrière de la langue.",1
ID_1911,32.0,Bac+5,5.4,J1301,29193,1.0,0,"Profil autonome, recherche active, aucun frein périphérique identifié.",0
ID_1912,51.0,Bac,0.5,K1903,34276,1.0,0,Projet de reconversion à affiner. Besoin d'une formation complémentaire.,1
ID_1913,53.0,Bac,1.1,A1401,72330,1.0,0,Compétences à réactualiser sur les outils numériques. Motivation correcte.,1
ID_1914,23.0,Sans diplôme,0.9,J1301,67166,1.0,0,Projet de reconversion à affiner. Besoin d'une formation complémentaire.,1
ID_1915,56.0,Sans diplôme,1.4,K2106,43011,0.0,0,"Perte de confiance importante. Risque d'exclusion, barrière de la langue.",2
ID_1916,59.0,Bac,0.9,M1203,46224,1.0,0,Compétences à réactualiser sur les outils numériques. Motivation correcte.,1
ID_1917,29.0,Bac,2.0,N4101,55251,0.0,0,Problème ponctuel de mobilité géographique. Zone mal desservie.,1
ID_1918,,Bac+5,1.6,K1601,28248,0.0,0,"Candidat très dynamique, mobilité nationale validée. Projet clair.",0
ID_1919,62.0,Sans diplôme,12.9,M1806,58077,1.0,0,"Perte de confiance importante. Risque d'exclusion, barrière de la langue.",2
ID_1920,35.0,Sans diplôme,0.2,M1203,45059,1.0,0,"Profil autonome, recherche active, aucun frein périphérique identifié.",0
ID_1921,57.0,Bac,0.5,A1501,36193,1.0,0,Projet de reconversion à affiner. Besoin d'une formation complémentaire.,1
ID_1922,38.0,Bac,0.2,M1705,02668,1.0,0,Cumul de difficultés. Pas de moyen de transport et garde d'enfants complexe.,0
ID_1923,32.0,Sans diplôme,2.9,M1203,62271,0.0,0,Compétences à réactualiser sur les outils numériques. Motivation correcte.,1
ID_1924,50.0,Bac+2,0.2,K1903,42205,1.0,0,,1
ID_1925,52.0,Sans diplôme,5.4,M1203,50260,1.0,0,"Excellente présentation, compétences techniques à jour. Reprise rapide visée.",1
ID_1926,43.0,,2.2,M1602,29190,0.0,0,"Perte de confiance importante. Risque d'exclusion, barrière de la langue.",1
ID_1927,25.0,Bac,2.2,I1304,41112,1.0,0,"Profil autonome, recherche active, aucun frein périphérique identifié.",0
ID_1928,53.0,Sans diplôme,2.5,M1602,59450,1.0,1,"Profil autonome, recherche active, aucun frein périphérique identifié.",2
ID_1929,47.0,Bac,0.6,K2111,38269,1.0,0,"Profil autonome, recherche active, aucun frein périphérique identifié.",0
ID_1930,40.0,Bac+5,0.7,M1607,91021,1.0,0,"Candidat très dynamique, mobilité nationale validée. Projet clair.",0
ID_1931,59.0,Bac,1.2,K1903,34145,1.0,0,Compétences à réactualiser sur les outils numériques. Motivation correcte.,1
ID_1932,61.0,,2.7,K1903,51082,1.0,0,Projet de reconversion à affiner. Besoin d'une formation complémentaire.,1
ID_1933,31.0,Sans diplôme,0.7,M1802,28379,0.0,0,"Excellente présentation, compétences techniques à jour. Reprise rapide visée.",0
ID_1934,31.0,Bac+2,0.4,A1401,57093,0.0,0,Projet de reconversion à affiner. Besoin d'une formation complémentaire.,1
ID_1935,19.0,Bac,10.5,J1301,11290,0.0,1,Projet de reconversion à affiner. Besoin d'une formation complémentaire.,1
ID_1936,,Bac+2,0.1,C1501,33378,0.0,0,Problème ponctuel de mobilité géographique. Zone mal desservie.,1
ID_1937,22.0,Bac,4.9,K1304,41266,1.0,0,Problème ponctuel de mobilité géographique. Zone mal desservie.,1
ID_1938,55.0,Bac+5,4.7,A1203,18176,1.0,0,Compétences à réactualiser sur les outils numériques. Motivation correcte.,1
ID_1939,62.0,,1.1,A1301,24113,0.0,0,"Excellente présentation, compétences techniques à jour. Reprise rapide visée.",1
ID_1940,58.0,Sans diplôme,0.4,D1210,97215,0.0,1,Cumul de difficultés. Pas de moyen de transport et garde d'enfants complexe.,2
ID_1941,31.0,Sans diplôme,0.5,D1503,79046,0.0,0,"Profil autonome, recherche active, aucun frein périphérique identifié.",2
ID_1942,56.0,Bac+5,3.6,M1705,54001,1.0,0,"Candidat très dynamique, mobilité nationale validée. Projet clair.",0
ID_1943,42.0,Bac,3.1,M1203,36168,1.0,0,"Profil autonome, recherche active, aucun frein périphérique identifié.",0
ID_1944,37.0,Bac+2,4.6,G1302,50357,1.0,0,Problème ponctuel de mobilité géographique. Zone mal desservie.,1
ID_1945,19.0,Bac,8.3,M1607,25209,1.0,0,Cumul de difficultés. Pas de moyen de transport et garde d'enfants complexe.,2
ID_1946,56.0,Bac,3.5,M1607,01073,0.0,0,Cumul de difficultés. Pas de moyen de transport et garde d'enfants complexe.,2
ID_1947,23.0,Sans diplôme,0.5,K1201,10165,0.0,0,Compétences à réactualiser sur les outils numériques. Motivation correcte.,1
ID_1948,34.0,Bac+5,0.8,G1602,14646,0.0,0,Freins périphériques majeurs. Situation d'illettrisme numérique constatée.,0
ID_1949,42.0,Bac+2,5.5,F1603,17100,0.0,0,Problème ponctuel de mobilité géographique. Zone mal desservie.,1
ID_1950,45.0,Bac+5,0.7,K1403,30160,1.0,0,Freins périphériques majeurs. Situation d'illettrisme numérique constatée.,0
ID_1951,19.0,Bac,0.2,D1210,59278,1.0,0,,1
ID_1952,52.0,Bac+2,3.6,M1203,76193,1.0,0,Compétences à réactualiser sur les outils numériques. Motivation correcte.,1
ID_1953,54.0,Bac+2,1.5,G1302,46263,1.0,0,"Excellente présentation, compétences techniques à jour. Reprise rapide visée.",1
ID_1954,22.0,Bac,7.6,K1201,2B315,0.0,1,Cumul de difficultés. Pas de moyen de transport et garde d'enfants complexe.,1
ID_1955,18.0,Bac+5,3.2,M1203,11324,0.0,1,Projet de reconversion à affiner. Besoin d'une formation complémentaire.,1
ID_1956,57.0,Bac+5,0.3,G1601,80372,1.0,0,"Perte de confiance importante. Risque d'exclusion, barrière de la langue.",1
ID_1957,29.0,Bac+5,8.9,A1203,67074,1.0,0,"Excellente présentation, compétences techniques à jour. Reprise rapide visée.",1
ID_1958,53.0,Bac+2,0.9,K1903,62425,0.0,0,"Candidat très dynamique, mobilité nationale validée. Projet clair.",1
ID_1959,62.0,Bac,1.2,N1301,63304,1.0,0,Problème ponctuel de mobilité géographique. Zone mal desservie.,0
ID_1960,40.0,Bac,1.5,N1101,87138,1.0,0,"Perte de confiance importante. Risque d'exclusion, barrière de la langue.",0
ID_1961,48.0,Bac+5,0.2,D1406,30098,1.0,0,"Excellente présentation, compétences techniques à jour. Reprise rapide visée.",0
ID_1962,28.0,Sans diplôme,2.1,D1401,08307,1.0,0,"Perte de confiance importante. Risque d'exclusion, barrière de la langue.",1
ID_1963,27.0,Bac+2,0.4,M1801,17444,1.0,0,"Profil autonome, recherche active, aucun frein périphérique identifié.",0
ID_1964,20.0,Bac+2,1.5,C1110,60330,1.0,1,"Candidat très dynamique, mobilité nationale validée. Projet clair.",1
ID_1965,31.0,Bac+2,1.3,A1203,58267,1.0,0,Problème ponctuel de mobilité géographique. Zone mal desservie.,1
ID_1966,,Bac+5,4.4,M1801,67528,1.0,0,"Profil autonome, recherche active, aucun frein périphérique identifié.",0
ID_1967,27.0,,4.9,G1203,90014,0.0,0,Cumul de difficultés. Pas de moyen de transport et garde d'enfants complexe.,2
ID_1968,,Bac,0.5,M1802,06076,1.0,1,Problème ponctuel de mobilité géographique. Zone mal desservie.,1
ID_1969,27.0,Sans diplôme,1.4,H1206,71301,0.0,0,"Candidat très dynamique, mobilité nationale validée. Projet clair.",0
ID_1970,29.0,Bac,1.4,M1806,59018,0.0,0,Projet de reconversion à affiner. Besoin d'une formation complémentaire.,0
ID_1971,47.0,Bac,0.5,N1303,38429,1.0,1,Compétences à réactualiser sur les outils numériques. Motivation correcte.,1
ID_1972,58.0,,4.8,C1110,39028,1.0,0,Freins périphériques majeurs. Situation d'illettrisme numérique constatée.,2
ID_1973,18.0,Bac+5,3.7,F1603,45040,0.0,0,Projet de reconversion à affiner. Besoin d'une formation complémentaire.,0
ID_1974,22.0,Bac+5,0.6,N4301,50271,0.0,0,Projet de reconversion à affiner. Besoin d'une formation complémentaire.,0
ID_1975,37.0,Sans diplôme,1.4,K1903,49092,0.0,1,"Excellente présentation, compétences techniques à jour. Reprise rapide visée.",2
ID_1976,25.0,Bac,0.3,H1504,34261,1.0,0,Projet de reconversion à affiner. Besoin d'une formation complémentaire.,1
ID_1977,60.0,Bac+5,3.0,A1301,67387,0.0,0,"Perte de confiance importante. Risque d'exclusion, barrière de la langue.",1
ID_1978,29.0,Sans diplôme,0.4,D1401,62601,0.0,0,"Candidat très dynamique, mobilité nationale validée. Projet clair.",1
ID_1979,18.0,Sans diplôme,12.8,M1203,45087,1.0,0,Compétences à réactualiser sur les outils numériques. Motivation correcte.,1
ID_1980,37.0,Sans diplôme,4.6,H2502,71232,0.0,0,Cumul de difficultés. Pas de moyen de transport et garde d'enfants complexe.,2
ID_1981,45.0,Bac,1.5,M1602,55546,1.0,0,Freins périphériques majeurs. Situation d'illettrisme numérique constatée.,0
ID_1982,60.0,Sans diplôme,2.6,N1303,67203,1.0,0,"Excellente présentation, compétences techniques à jour. Reprise rapide visée.",2
ID_1983,54.0,Bac+5,7.3,C1302,51166,,0,Projet de reconversion à affiner. Besoin d'une formation complémentaire.,1
ID_1984,54.0,Bac,2.4,F1603,51316,1.0,0,Projet de reconversion à affiner. Besoin d'une formation complémentaire.,1
ID_1985,29.0,Bac,0.6,A1202,39041,1.0,0,Cumul de difficultés. Pas de moyen de transport et garde d'enfants complexe.,2
ID_1986,54.0,Bac,1.4,M1801,27181,1.0,0,"Perte de confiance importante. Risque d'exclusion, barrière de la langue.",2
ID_1987,61.0,Bac,5.6,N4101,65125,1.0,0,Problème ponctuel de mobilité géographique. Zone mal desservie.,1
ID_1988,45.0,Bac+2,3.1,G1601,41127,0.0,0,Compétences à réactualiser sur les outils numériques. Motivation correcte.,0
ID_1989,32.0,Bac+2,3.2,M1607,81275,1.0,0,Compétences à réactualiser sur les outils numériques. Motivation correcte.,1
ID_1990,23.0,Bac+2,6.0,M1801,29172,1.0,0,"Profil autonome, recherche active, aucun frein périphérique identifié.",0
ID_1991,61.0,Bac,6.7,D1502,45288,0.0,0,Compétences à réactualiser sur les outils numériques. Motivation correcte.,1
ID_1992,37.0,,7.6,M1806,76004,0.0,0,"Excellente présentation, compétences techniques à jour. Reprise rapide visée.",0
ID_1993,31.0,Bac+5,0.3,C1501,80572,0.0,0,"Excellente présentation, compétences techniques à jour. Reprise rapide visée.",0
ID_1994,19.0,Bac+2,2.4,D1210,60219,0.0,0,Cumul de difficultés. Pas de moyen de transport et garde d'enfants complexe.,1
ID_1995,26.0,Sans diplôme,4.0,K2106,60326,1.0,0,Cumul de difficultés. Pas de moyen de transport et garde d'enfants complexe.,1
ID_1996,54.0,Sans diplôme,4.2,G1302,32336,0.0,0,"Profil autonome, recherche active, aucun frein périphérique identifié.",1
ID_1997,37.0,Bac,2.8,A1501,2B039,0.0,1,Problème ponctuel de mobilité géographique. Zone mal desservie.,1
ID_1998,43.0,Bac+2,0.5,K1201,84140,1.0,0,Cumul de difficultés. Pas de moyen de transport et garde d'enfants complexe.,0
ID_1999,46.0,Bac,4.8,M1801,41100,0.0,0,"Excellente présentation, compétences techniques à jour. Reprise rapide visée.",0
ID_2000,18.0,Bac,3.8,J1506,14660,1.0,0,Compétences à réactualiser sur les outils numériques. Motivation correcte.,0
ID_2001,52.0,Bac+5,0.3,G1601,11161,1.0,0,"Perte de confiance importante. Risque d'exclusion, barrière de la langue.",1
ID_2002,23.0,Bac+5,1.9,K1403,80390,0.0,0,Cumul de difficultés. Pas de moyen de transport et garde d'enfants complexe.,0
ID_2003,54.0,Bac+5,0.6,A1501,62864,1.0,0,Problème ponctuel de mobilité géographique. Zone mal desservie.,1
ID_2004,22.0,Bac,1.2,N1101,25271,1.0,0,"Excellente présentation, compétences techniques à jour. Reprise rapide visée.",0
ID_2005,50.0,Bac+2,0.1,A1301,30270,0.0,0,Compétences à réactualiser sur les outils numériques. Motivation correcte.,1
ID_2006,31.0,Bac,1.5,K1403,21389,0.0,0,"Profil autonome, recherche active, aucun frein périphérique identifié.",0
ID_2007,29.0,Sans diplôme,2.4,N1303,01118,1.0,0,Compétences à réactualiser sur les outils numériques. Motivation correcte.,1
ID_2008,59.0,Sans diplôme,2.9,M1802,14495,1.0,0,Compétences à réactualiser sur les outils numériques. Motivation correcte.,2
ID_2009,37.0,Bac,3.3,G1602,58187,1.0,0,Freins périphériques majeurs. Situation d'illettrisme numérique constatée.,0
ID_2010,41.0,Bac,5.4,F1603,19116,0.0,0,"Profil autonome, recherche active, aucun frein périphérique identifié.",1
ID_2011,60.0,Bac+5,0.7,K1403,03036,1.0,0,Problème ponctuel de mobilité géographique. Zone mal desservie.,1
ID_2012,51.0,Sans diplôme,0.4,M1203,32367,1.0,0,"Excellente présentation, compétences techniques à jour. Reprise rapide visée.",2
ID_2013,42.0,Bac+2,5.7,A1203,12263,1.0,1,Cumul de difficultés. Pas de moyen de transport et garde d'enfants complexe.,1
ID_2014,46.0,Bac,0.5,C1102,41024,1.0,0,"Candidat très dynamique, mobilité nationale validée. Projet clair.",0
ID_2015,56.0,Bac,11.0,G1203,47238,1.0,0,Freins périphériques majeurs. Situation d'illettrisme numérique constatée.,2
ID_2016,48.0,Bac,5.5,K2111,77245,1.0,0,"Excellente présentation, compétences techniques à jour. Reprise rapide visée.",0
ID_2017,60.0,Bac,2.1,F1603,68273,1.0,0,"Candidat très dynamique, mobilité nationale validée. Projet clair.",0
ID_2018,40.0,Bac,12.0,K1201,72144,1.0,0,Problème ponctuel de mobilité géographique. Zone mal desservie.,1
ID_2019,61.0,,0.3,J1301,08080,0.0,0,"Candidat très dynamique, mobilité nationale validée. Projet clair.",0
ID_2020,55.0,Sans diplôme,1.1,J1506,30101,1.0,1,Problème ponctuel de mobilité géographique. Zone mal desservie.,2
ID_2021,37.0,Sans diplôme,3.1,D1401,80157,1.0,0,,1
ID_2022,40.0,Bac,1.3,A1501,89318,0.0,0,Compétences à réactualiser sur les outils numériques. Motivation correcte.,1
ID_2023,62.0,Bac+5,7.9,H1504,21291,1.0,0,"Profil autonome, recherche active, aucun frein périphérique identifié.",1
ID_2024,33.0,Bac,0.2,A1301,26001,0.0,0,"Candidat très dynamique, mobilité nationale validée. Projet clair.",0
ID_2025,59.0,Bac+2,2.4,M1203,25623,1.0,0,Problème ponctuel de mobilité géographique. Zone mal desservie.,1
ID_2026,25.0,Bac+2,2.7,N4301,64323,1.0,0,"Profil autonome, recherche active, aucun frein périphérique identifié.",1
ID_2027,38.0,Bac+5,3.2,N1101,82031,0.0,0,"Excellente présentation, compétences techniques à jour. Reprise rapide visée.",0
ID_2028,18.0,,0.9,C1102,17106,1.0,0,"Profil autonome, recherche active, aucun frein périphérique identifié.",2
ID_2029,25.0,Bac,1.4,M1802,26328,0.0,0,"Profil autonome, recherche active, aucun frein périphérique identifié.",0
ID_2030,46.0,Bac+2,5.6,H1504,45086,1.0,0,"Candidat très dynamique, mobilité nationale validée. Projet clair.",0
ID_2031,49.0,Bac+5,0.7,N4101,02004,1.0,0,"Excellente présentation, compétences techniques à jour. Reprise rapide visée.",0
ID_2032,55.0,Bac,5.3,C1201,2B287,0.0,0,Projet de reconversion à affiner. Besoin d'une formation complémentaire.,0
ID_2033,22.0,Bac,2.5,K2101,51276,0.0,1,Freins périphériques majeurs. Situation d'illettrisme numérique constatée.,0
ID_2034,39.0,,4.3,K1403,72125,0.0,0,"Candidat très dynamique, mobilité nationale validée. Projet clair.",1
ID_2035,51.0,Bac+5,3.8,M1607,57629,1.0,0,"Excellente présentation, compétences techniques à jour. Reprise rapide visée.",1
ID_2036,18.0,Bac+5,0.7,D1406,57412,1.0,0,Problème ponctuel de mobilité géographique. Zone mal desservie.,0
ID_2037,43.0,Sans diplôme,2.5,J1301,48090,0.0,0,"Candidat très dynamique, mobilité nationale validée. Projet clair.",0
ID_2038,60.0,Bac,6.1,H2502,54564,0.0,0,Problème ponctuel de mobilité géographique. Zone mal desservie.,1
ID_2039,27.0,Bac,1.7,M1805,25187,0.0,0,"Profil autonome, recherche active, aucun frein périphérique identifié.",0
ID_2040,47.0,Sans diplôme,10.2,C1110,03074,1.0,0,,2
ID_2041,35.0,Bac+5,1.8,M1602,35143,1.0,0,"Candidat très dynamique, mobilité nationale validée. Projet clair.",0
ID_2042,34.0,Bac,0.5,D1503,63008,0.0,0,Projet de reconversion à affiner. Besoin d'une formation complémentaire.,1
ID_2043,43.0,Sans diplôme,1.5,G1801,82012,1.0,0,"Excellente présentation, compétences techniques à jour. Reprise rapide visée.",2
ID_2044,25.0,Bac,9.1,K2111,29003,0.0,1,Problème ponctuel de mobilité géographique. Zone mal desservie.,1
ID_2045,57.0,Bac+2,1.2,C1201,82084,1.0,1,Cumul de difficultés. Pas de moyen de transport et garde d'enfants complexe.,2
ID_2046,29.0,Sans diplôme,6.1,G1601,70522,1.0,1,"Perte de confiance importante. Risque d'exclusion, barrière de la langue.",2
ID_2047,44.0,Bac+2,6.4,G1302,78403,1.0,0,"Excellente présentation, compétences techniques à jour. Reprise rapide visée.",0
ID_2048,25.0,Bac,1.3,M1805,89377,1.0,0,Compétences à réactualiser sur les outils numériques. Motivation correcte.,1
ID_2049,42.0,Sans diplôme,0.3,K1201,76154,1.0,0,"Profil autonome, recherche active, aucun frein périphérique identifié.",1
ID_2050,63.0,Sans diplôme,3.9,D1406,45260,1.0,0,"Excellente présentation, compétences techniques à jour. Reprise rapide visée.",1
ID_2051,21.0,Bac,1.1,I1304,66150,1.0,0,,1
ID_2052,50.0,Bac,4.6,N4301,2B342,0.0,1,Problème ponctuel de mobilité géographique. Zone mal desservie.,1
ID_2053,18.0,Bac+5,1.8,G1602,22186,0.0,0,"Profil autonome, recherche active, aucun frein périphérique identifié.",0
ID_2054,36.0,Bac+5,2.0,D1406,77071,0.0,0,"Perte de confiance importante. Risque d'exclusion, barrière de la langue.",0
ID_2055,48.0,Bac+5,4.5,D1210,02659,1.0,1,Compétences à réactualiser sur les outils numériques. Motivation correcte.,1
ID_2056,33.0,Bac,1.4,M1501,62849,0.0,0,Problème ponctuel de mobilité géographique. Zone mal desservie.,1
ID_2057,31.0,Bac+5,1.8,M1805,07008,0.0,0,Freins périphériques majeurs. Situation d'illettrisme numérique constatée.,0
ID_2058,,Bac,1.4,J1506,25425,1.0,0,"Perte de confiance importante. Risque d'exclusion, barrière de la langue.",0
ID_2059,58.0,Bac,1.4,K1201,48099,0.0,0,Freins périphériques majeurs. Situation d'illettrisme numérique constatée.,1
ID_2060,43.0,Sans diplôme,2.2,M1806,89462,1.0,0,Projet de reconversion à affiner. Besoin d'une formation complémentaire.,1
ID_2061,,Sans diplôme,5.0,M1705,12131,,0,Compétences à réactualiser sur les outils numériques. Motivation correcte.,1
ID_2062,19.0,Bac+2,1.3,N4301,45210,1.0,0,Freins périphériques majeurs. Situation d'illettrisme numérique constatée.,1
ID_2063,23.0,Bac,2.2,N1301,02014,1.0,1,"Profil autonome, recherche active, aucun frein périphérique identifié.",1
ID_2064,26.0,Bac,3.3,M1501,51611,1.0,0,"Profil autonome, recherche active, aucun frein périphérique identifié.",0
ID_2065,50.0,Bac+2,0.9,K1601,67165,1.0,0,Problème ponctuel de mobilité géographique. Zone mal desservie.,1
ID_2066,58.0,Bac,1.0,N1303,57725,0.0,1,Cumul de difficultés. Pas de moyen de transport et garde d'enfants complexe.,2
ID_2067,42.0,Bac,8.1,M1806,49381,1.0,0,"Excellente présentation, compétences techniques à jour. Reprise rapide visée.",0
ID_2068,30.0,Bac,3.9,M1806,62519,0.0,0,Compétences à réactualiser sur les outils numériques. Motivation correcte.,0
ID_2069,26.0,Bac+5,2.6,C1201,74018,0.0,0,Cumul de difficultés. Pas de moyen de transport et garde d'enfants complexe.,2
ID_2070,30.0,Bac+5,3.1,N1101,83071,1.0,0,Problème ponctuel de mobilité géographique. Zone mal desservie.,0
ID_2071,48.0,Bac,0.1,K2111,77034,0.0,0,"Excellente présentation, compétences techniques à jour. Reprise rapide visée.",0
ID_2072,58.0,Bac,2.9,A1203,27246,0.0,0,Compétences à réactualiser sur les outils numériques. Motivation correcte.,1
ID_2073,28.0,Bac,2.1,M1801,32292,0.0,0,"Excellente présentation, compétences techniques à jour. Reprise rapide visée.",0
ID_2074,21.0,Bac+5,2.4,J1301,38225,0.0,0,"Excellente présentation, compétences techniques à jour. Reprise rapide visée.",0
ID_2075,51.0,Bac,1.3,C1501,04140,0.0,0,Problème ponctuel de mobilité géographique. Zone mal desservie.,1
ID_2076,55.0,Bac,0.3,H1206,62793,0.0,0,Cumul de difficultés. Pas de moyen de transport et garde d'enfants complexe.,1
ID_2077,63.0,Sans diplôme,0.6,H2502,91121,1.0,0,Projet de reconversion à affiner. Besoin d'une formation complémentaire.,1
ID_2078,21.0,Bac,9.0,F1603,21133,1.0,1,,2
ID_2079,55.0,Bac,1.6,N1303,50395,0.0,0,"Profil autonome, recherche active, aucun frein périphérique identifié.",1
ID_2080,36.0,Bac+5,1.9,G1203,72193,1.0,0,"Excellente présentation, compétences techniques à jour. Reprise rapide visée.",0
ID_2081,,Bac,0.2,D1401,28064,0.0,0,"Candidat très dynamique, mobilité nationale validée. Projet clair.",0
ID_2082,51.0,Bac,0.1,G1203,67514,0.0,0,Problème ponctuel de mobilité géographique. Zone mal desservie.,1
ID_2083,35.0,Bac+5,3.8,G1801,60128,0.0,0,"Excellente présentation, compétences techniques à jour. Reprise rapide visée.",0
ID_2084,30.0,Bac+5,2.3,M1602,08286,1.0,0,"Excellente présentation, compétences techniques à jour. Reprise rapide visée.",0
ID_2085,58.0,Bac,2.1,M1801,63109,1.0,0,Compétences à réactualiser sur les outils numériques. Motivation correcte.,1
ID_2086,40.0,Bac,0.8,N1303,50106,1.0,0,"Profil autonome, recherche active, aucun frein périphérique identifié.",0
ID_2087,36.0,Bac,4.1,A1203,65331,1.0,0,Freins périphériques majeurs. Situation d'illettrisme numérique constatée.,1
ID_2088,62.0,,0.6,N1301,10387,1.0,0,Freins périphériques majeurs. Situation d'illettrisme numérique constatée.,1
ID_2089,,Sans diplôme,0.6,G1203,14062,1.0,0,"Candidat très dynamique, mobilité nationale validée. Projet clair.",0
ID_2090,,Bac+5,1.9,D1503,60449,1.0,0,"Excellente présentation, compétences techniques à jour. Reprise rapide visée.",0
ID_2091,41.0,Bac+2,1.0,K1403,25006,0.0,0,,0
ID_2092,24.0,Bac,0.9,D1503,36226,0.0,0,"Candidat très dynamique, mobilité nationale validée. Projet clair.",1
ID_2093,42.0,Sans diplôme,3.1,A1301,10406,1.0,0,Compétences à réactualiser sur les outils numériques. Motivation correcte.,1
ID_2094,38.0,Bac,3.2,M1203,88252,1.0,0,Compétences à réactualiser sur les outils numériques. Motivation correcte.,1
ID_2095,32.0,Bac,5.2,N1303,81139,0.0,0,"Profil autonome, recherche active, aucun frein périphérique identifié.",0
ID_2096,18.0,Sans diplôme,1.6,H2502,65068,0.0,0,Projet de reconversion à affiner. Besoin d'une formation complémentaire.,1
ID_2097,29.0,Bac+2,0.2,K1304,78334,1.0,0,"Perte de confiance importante. Risque d'exclusion, barrière de la langue.",2
ID_2098,24.0,Bac+5,1.0,C1110,57606,1.0,0,Compétences à réactualiser sur les outils numériques. Motivation correcte.,0
ID_2099,32.0,Bac,11.7,K2106,24502,0.0,0,"Candidat très dynamique, mobilité nationale validée. Projet clair.",1
ID_2100,38.0,Bac+2,2.7,K1304,34075,1.0,0,Projet de reconversion à affiner. Besoin d'une formation complémentaire.,0
ID_2101,36.0,Sans diplôme,3.7,H1206,63041,1.0,0,Problème ponctuel de mobilité géographique. Zone mal desservie.,1
ID_2102,46.0,Bac,0.0,K2106,21623,1.0,1,"Excellente présentation, compétences techniques à jour. Reprise rapide visée.",1
ID_2103,42.0,Sans diplôme,2.2,C1302,34043,1.0,1,"Candidat très dynamique, mobilité nationale validée. Projet clair.",1
ID_2104,50.0,Bac+2,0.1,G1801,69276,1.0,0,Compétences à réactualiser sur les outils numériques. Motivation correcte.,1
ID_2105,49.0,Bac+5,2.5,G1601,39559,0.0,1,Projet de reconversion à affiner. Besoin d'une formation complémentaire.,1
ID_2106,52.0,Bac+2,7.6,J1506,38255,0.0,0,Projet de reconversion à affiner. Besoin d'une formation complémentaire.,0
ID_2107,61.0,,10.4,K1403,19166,1.0,0,Problème ponctuel de mobilité géographique. Zone mal desservie.,2
ID_2108,55.0,Bac,2.3,H1206,21179,1.0,0,Projet de reconversion à affiner. Besoin d'une formation complémentaire.,1
ID_2109,43.0,Bac,1.8,M1806,86272,0.0,0,"Excellente présentation, compétences techniques à jour. Reprise rapide visée.",0
ID_2110,28.0,Bac,8.7,N1301,27609,1.0,1,"Perte de confiance importante. Risque d'exclusion, barrière de la langue.",1
ID_2111,52.0,Bac+5,3.4,D1210,85233,1.0,0,Problème ponctuel de mobilité géographique. Zone mal desservie.,1
ID_2112,25.0,Bac+5,0.2,H1206,34288,0.0,1,"Candidat très dynamique, mobilité nationale validée. Projet clair.",0
ID_2113,63.0,,1.9,M1203,23045,0.0,0,Projet de reconversion à affiner. Besoin d'une formation complémentaire.,1
ID_2114,31.0,Bac,0.8,J1506,76032,0.0,0,"Excellente présentation, compétences techniques à jour. Reprise rapide visée.",0
ID_2115,27.0,Bac,1.9,M1602,81068,1.0,0,Compétences à réactualiser sur les outils numériques. Motivation correcte.,1
ID_2116,19.0,Sans diplôme,1.8,D1401,63263,1.0,0,Problème ponctuel de mobilité géographique. Zone mal desservie.,1
ID_2117,63.0,Bac,2.6,N4101,13094,1.0,0,"Candidat très dynamique, mobilité nationale validée. Projet clair.",2
ID_2118,26.0,Bac,1.3,M1203,45044,1.0,0,"Perte de confiance importante. Risque d'exclusion, barrière de la langue.",0
ID_2119,20.0,Bac+2,0.5,M1802,47222,1.0,1,Problème ponctuel de mobilité géographique. Zone mal desservie.,1
ID_2120,,Bac+2,2.1,K1403,63259,1.0,0,"Candidat très dynamique, mobilité nationale validée. Projet clair.",0
ID_2121,43.0,Sans diplôme,5.3,M1805,27110,1.0,0,Compétences à réactualiser sur les outils numériques. Motivation correcte.,1
ID_2122,25.0,Bac,3.3,A1401,62107,1.0,0,Cumul de difficultés. Pas de moyen de transport et garde d'enfants complexe.,1
ID_2123,,Sans diplôme,1.2,M1602,70393,1.0,1,Cumul de difficultés. Pas de moyen de transport et garde d'enfants complexe.,2
ID_2124,23.0,Sans diplôme,8.2,D1406,15148,0.0,0,"Excellente présentation, compétences techniques à jour. Reprise rapide visée.",2
ID_2125,45.0,Bac+5,7.3,D1502,54208,1.0,0,"Candidat très dynamique, mobilité nationale validée. Projet clair.",0
ID_2126,46.0,Sans diplôme,0.7,N4301,46172,0.0,0,"Candidat très dynamique, mobilité nationale validée. Projet clair.",1
ID_2127,43.0,Bac,0.1,K1201,23086,1.0,0,Compétences à réactualiser sur les outils numériques. Motivation correcte.,1
ID_2128,42.0,Sans diplôme,4.1,A1401,71531,1.0,0,Compétences à réactualiser sur les outils numériques. Motivation correcte.,1
ID_2129,29.0,Bac+5,5.3,M1806,70233,0.0,0,"Profil autonome, recherche active, aucun frein périphérique identifié.",0
ID_2130,22.0,Bac,10.3,M1501,48187,0.0,1,Problème ponctuel de mobilité géographique. Zone mal desservie.,2
ID_2131,51.0,Bac,6.6,J1301,47228,1.0,0,Problème ponctuel de mobilité géographique. Zone mal desservie.,1
ID_2132,54.0,Bac,2.8,K1403,24119,1.0,0,,1
ID_2133,32.0,Bac+2,2.3,K2106,19280,0.0,1,Freins périphériques majeurs. Situation d'illettrisme numérique constatée.,1
ID_2134,61.0,Bac+5,0.1,M1801,60032,1.0,0,"Perte de confiance importante. Risque d'exclusion, barrière de la langue.",0
ID_2135,53.0,Bac,0.8,M1602,14674,0.0,0,"Excellente présentation, compétences techniques à jour. Reprise rapide visée.",1
ID_2136,32.0,Bac+5,1.8,C1110,52203,0.0,0,"Candidat très dynamique, mobilité nationale validée. Projet clair.",0
ID_2137,60.0,Bac+5,3.0,D1502,26176,0.0,0,Problème ponctuel de mobilité géographique. Zone mal desservie.,1
ID_2138,40.0,Bac+5,2.4,H1206,06072,0.0,0,Compétences à réactualiser sur les outils numériques. Motivation correcte.,0
ID_2139,23.0,Bac+2,4.1,A1401,72048,1.0,0,Compétences à réactualiser sur les outils numériques. Motivation correcte.,1
ID_2140,63.0,Bac+2,1.0,A1301,55142,1.0,0,Projet de reconversion à affiner. Besoin d'une formation complémentaire.,1
ID_2141,61.0,Bac,2.5,H2502,81027,1.0,0,"Profil autonome, recherche active, aucun frein périphérique identifié.",1
ID_2142,60.0,Bac+2,0.3,C1102,10336,1.0,0,Problème ponctuel de mobilité géographique. Zone mal desservie.,1
ID_2143,62.0,Bac,1.6,N1301,02051,0.0,0,Problème ponctuel de mobilité géographique. Zone mal desservie.,1
ID_2144,38.0,Bac+2,4.2,M1806,16263,1.0,0,"Excellente présentation, compétences techniques à jour. Reprise rapide visée.",0
ID_2145,40.0,Bac,3.5,I1304,31419,0.0,0,"Profil autonome, recherche active, aucun frein périphérique identifié.",0
ID_2146,60.0,Bac+2,14.0,M1801,54132,,1,Cumul de difficultés. Pas de moyen de transport et garde d'enfants complexe.,2
ID_2147,33.0,Bac+5,1.0,K1601,43188,1.0,0,Compétences à réactualiser sur les outils numériques. Motivation correcte.,0
ID_2148,32.0,Sans diplôme,2.1,K1304,01007,0.0,0,"Candidat très dynamique, mobilité nationale validée. Projet clair.",1
ID_2149,42.0,Bac+5,1.2,I1304,21474,1.0,0,Freins périphériques majeurs. Situation d'illettrisme numérique constatée.,0
ID_2150,53.0,Bac,1.7,H1206,19122,0.0,0,Compétences à réactualiser sur les outils numériques. Motivation correcte.,1
ID_2151,28.0,Bac+5,5.8,N4301,59344,0.0,1,Problème ponctuel de mobilité géographique. Zone mal desservie.,1
ID_2152,32.0,Bac,3.5,C1302,11408,0.0,0,"Excellente présentation, compétences techniques à jour. Reprise rapide visée.",0
ID_2153,21.0,Bac,6.4,H1504,30154,0.0,0,"Excellente présentation, compétences techniques à jour. Reprise rapide visée.",1
ID_2154,38.0,Bac+5,0.7,N1303,08278,0.0,1,"Candidat très dynamique, mobilité nationale validée. Projet clair.",0
ID_2155,30.0,Bac,6.2,N1101,45080,0.0,0,"Candidat très dynamique, mobilité nationale validée. Projet clair.",0
ID_2156,39.0,Bac+5,0.2,D1401,88010,1.0,0,"Candidat très dynamique, mobilité nationale validée. Projet clair.",0
ID_2157,36.0,Bac,6.6,K1601,19044,0.0,0,Compétences à réactualiser sur les outils numériques. Motivation correcte.,1
ID_2158,51.0,Bac,1.2,A1203,89181,1.0,0,Freins périphériques majeurs. Situation d'illettrisme numérique constatée.,1
ID_2159,,Bac,1.1,M1806,63062,1.0,0,,0
ID_2160,21.0,Bac,2.2,N4301,67183,1.0,0,"Excellente présentation, compétences techniques à jour. Reprise rapide visée.",1
ID_2161,63.0,Bac,8.5,G1602,65324,0.0,0,Freins périphériques majeurs. Situation d'illettrisme numérique constatée.,2
ID_2162,44.0,Sans diplôme,0.1,K1903,57126,0.0,0,Compétences à réactualiser sur les outils numériques. Motivation correcte.,1
ID_2163,46.0,Bac,1.3,A1202,34225,1.0,0,Compétences à réactualiser sur les outils numériques. Motivation correcte.,1
ID_2164,45.0,Sans diplôme,5.8,M1602,83138,1.0,0,Projet de reconversion à affiner. Besoin d'une formation complémentaire.,0
ID_2165,52.0,Bac+5,1.5,K2106,17397,1.0,0,Freins périphériques majeurs. Situation d'illettrisme numérique constatée.,2
ID_2166,25.0,Bac+5,0.7,G1203,09267,0.0,0,Projet de reconversion à affiner. Besoin d'une formation complémentaire.,0
ID_2167,33.0,Bac,1.7,K1304,59243,1.0,0,"Perte de confiance importante. Risque d'exclusion, barrière de la langue.",2
ID_2168,59.0,Bac+2,1.5,D1406,70280,0.0,0,Projet de reconversion à affiner. Besoin d'une formation complémentaire.,1
ID_2169,53.0,Bac,7.4,M1801,62271,1.0,0,,1
ID_2170,47.0,Bac+2,4.3,K2101,85259,1.0,0,Cumul de difficultés. Pas de moyen de transport et garde d'enfants complexe.,0
ID_2171,35.0,Bac+5,2.1,M1705,52063,0.0,0,"Profil autonome, recherche active, aucun frein périphérique identifié.",0
ID_2172,19.0,Bac+5,13.4,M1705,70251,1.0,0,"Candidat très dynamique, mobilité nationale validée. Projet clair.",0
ID_2173,30.0,Bac,1.9,N1301,44015,0.0,0,Compétences à réactualiser sur les outils numériques. Motivation correcte.,0
ID_2174,,Bac+2,0.2,M1705,27134,1.0,0,Freins périphériques majeurs. Situation d'illettrisme numérique constatée.,2
ID_2175,43.0,Bac,0.9,M1806,80466,1.0,0,Freins périphériques majeurs. Situation d'illettrisme numérique constatée.,0
ID_2176,42.0,Bac+5,1.7,K1304,24335,1.0,1,Compétences à réactualiser sur les outils numériques. Motivation correcte.,1
ID_2177,47.0,Sans diplôme,0.5,M1203,62828,0.0,0,"Candidat très dynamique, mobilité nationale validée. Projet clair.",0
ID_2178,28.0,Bac+2,8.8,N1301,17483,0.0,0,"Perte de confiance importante. Risque d'exclusion, barrière de la langue.",2
ID_2179,24.0,Bac+2,4.4,M1607,31164,1.0,0,Compétences à réactualiser sur les outils numériques. Motivation correcte.,1
ID_2180,48.0,Bac+2,0.9,K1403,31512,1.0,1,Projet de reconversion à affiner. Besoin d'une formation complémentaire.,1
ID_2181,61.0,Sans diplôme,2.7,H1206,52348,1.0,0,"Perte de confiance importante. Risque d'exclusion, barrière de la langue.",2
ID_2182,27.0,Bac+5,3.8,A1301,11325,0.0,0,Cumul de difficultés. Pas de moyen de transport et garde d'enfants complexe.,0
ID_2183,56.0,Sans diplôme,8.5,A1301,73177,0.0,1,Cumul de difficultés. Pas de moyen de transport et garde d'enfants complexe.,2
ID_2184,30.0,Bac+2,6.4,K1403,47131,1.0,0,Cumul de difficultés. Pas de moyen de transport et garde d'enfants complexe.,0
ID_2185,48.0,Bac,2.2,J1506,26255,,0,Problème ponctuel de mobilité géographique. Zone mal desservie.,0
ID_2186,24.0,Bac,4.5,C1501,01177,1.0,0,Compétences à réactualiser sur les outils numériques. Motivation correcte.,1
ID_2187,59.0,Bac,2.5,M1705,54032,1.0,0,Freins périphériques majeurs. Situation d'illettrisme numérique constatée.,1
ID_2188,59.0,Bac,2.4,J1506,60323,1.0,0,,0
ID_2189,53.0,Sans diplôme,0.4,C1201,74228,0.0,0,Compétences à réactualiser sur les outils numériques. Motivation correcte.,1
ID_2190,37.0,Sans diplôme,0.4,N4301,62805,0.0,0,Problème ponctuel de mobilité géographique. Zone mal desservie.,1
ID_2191,21.0,Bac,2.3,C1110,32445,1.0,0,Freins périphériques majeurs. Situation d'illettrisme numérique constatée.,1
ID_2192,24.0,Bac+2,0.9,M1806,32389,1.0,0,"Candidat très dynamique, mobilité nationale validée. Projet clair.",0
ID_2193,18.0,Bac+5,0.1,W1401,62300,1.0,0,"Perte de confiance importante. Risque d'exclusion, barrière de la langue.",0
ID_2194,61.0,Sans diplôme,3.8,C1302,09170,1.0,0,Freins périphériques majeurs. Situation d'illettrisme numérique constatée.,2
ID_2195,62.0,Bac,0.1,G1602,47185,0.0,0,Freins périphériques majeurs. Situation d'illettrisme numérique constatée.,2
ID_2196,59.0,Sans diplôme,2.7,G1302,74057,0.0,0,Cumul de difficultés. Pas de moyen de transport et garde d'enfants complexe.,2
ID_2197,30.0,Sans diplôme,2.3,K1403,11226,1.0,0,Compétences à réactualiser sur les outils numériques. Motivation correcte.,1
ID_2198,39.0,Bac+2,10.4,G1203,04188,1.0,0,Compétences à réactualiser sur les outils numériques. Motivation correcte.,1
ID_2199,38.0,Bac+2,2.0,K2106,43098,1.0,0,"Excellente présentation, compétences techniques à jour. Reprise rapide visée.",0
ID_2200,39.0,Sans diplôme,0.2,J1506,12286,1.0,0,"Profil autonome, recherche active, aucun frein périphérique identifié.",0
ID_2201,45.0,Bac,2.4,A1401,35123,1.0,0,"Excellente présentation, compétences techniques à jour. Reprise rapide visée.",1
ID_2202,26.0,Sans diplôme,5.5,C1102,11033,0.0,0,Problème ponctuel de mobilité géographique. Zone mal desservie.,1
ID_2203,43.0,,17.3,H1206,49192,1.0,1,Projet de reconversion à affiner. Besoin d'une formation complémentaire.,1
ID_2204,26.0,Bac+5,1.7,I1304,07275,1.0,0,Projet de reconversion à affiner. Besoin d'une formation complémentaire.,0
ID_2205,32.0,Sans diplôme,1.2,G1203,34292,1.0,0,Cumul de difficultés. Pas de moyen de transport et garde d'enfants complexe.,1
ID_2206,27.0,Bac,7.1,N4301,11245,1.0,0,Problème ponctuel de mobilité géographique. Zone mal desservie.,1
ID_2207,41.0,Bac+5,0.6,G1601,35188,0.0,1,Compétences à réactualiser sur les outils numériques. Motivation correcte.,1
ID_2208,59.0,Bac+5,2.9,C1501,80310,0.0,0,"Excellente présentation, compétences techniques à jour. Reprise rapide visée.",1
ID_2209,25.0,Bac,1.6,A1203,41178,0.0,0,Problème ponctuel de mobilité géographique. Zone mal desservie.,1
ID_2210,41.0,Sans diplôme,0.1,H2502,15229,0.0,0,Problème ponctuel de mobilité géographique. Zone mal desservie.,1
ID_2211,33.0,Sans diplôme,1.3,C1201,61171,1.0,0,Problème ponctuel de mobilité géographique. Zone mal desservie.,1
ID_2212,43.0,Bac,0.9,K1903,65110,1.0,1,"Candidat très dynamique, mobilité nationale validée. Projet clair.",1
ID_2213,44.0,Bac,3.5,K1601,68112,1.0,0,"Profil autonome, recherche active, aucun frein périphérique identifié.",1
ID_2214,54.0,Sans diplôme,8.9,G1601,32365,1.0,0,Problème ponctuel de mobilité géographique. Zone mal desservie.,2
ID_2215,21.0,Bac,0.9,I1304,22285,0.0,0,Cumul de difficultés. Pas de moyen de transport et garde d'enfants complexe.,1
ID_2216,41.0,Sans diplôme,5.0,G1302,53211,1.0,0,Projet de reconversion à affiner. Besoin d'une formation complémentaire.,1
ID_2217,36.0,Bac+2,0.2,M1203,14266,0.0,1,Projet de reconversion à affiner. Besoin d'une formation complémentaire.,0
ID_2218,53.0,Bac,2.3,M1805,77455,0.0,0,Problème ponctuel de mobilité géographique. Zone mal desservie.,1
ID_2219,56.0,Sans diplôme,0.2,M1806,41055,1.0,0,"Perte de confiance importante. Risque d'exclusion, barrière de la langue.",0
ID_2220,27.0,Bac,8.2,M1501,69181,1.0,0,Compétences à réactualiser sur les outils numériques. Motivation correcte.,1
ID_2221,,Bac,4.4,H1504,60163,1.0,0,Compétences à réactualiser sur les outils numériques. Motivation correcte.,1
ID_2222,35.0,Bac+5,3.2,M1602,64060,0.0,0,"Profil autonome, recherche active, aucun frein périphérique identifié.",0
ID_2223,36.0,Bac,5.2,W1401,65362,1.0,0,"Candidat très dynamique, mobilité nationale validée. Projet clair.",0
ID_2224,53.0,Bac,3.1,I1304,53263,0.0,0,"Candidat très dynamique, mobilité nationale validée. Projet clair.",1
ID_2225,27.0,Bac+2,10.4,J1506,62737,,0,Problème ponctuel de mobilité géographique. Zone mal desservie.,1
ID_2226,50.0,Bac,3.8,M1805,89187,1.0,0,"Excellente présentation, compétences techniques à jour. Reprise rapide visée.",0
ID_2227,22.0,Bac+5,7.8,K1201,10317,1.0,1,Projet de reconversion à affiner. Besoin d'une formation complémentaire.,1
ID_2228,52.0,Bac,2.2,G1801,2A362,1.0,0,"Perte de confiance importante. Risque d'exclusion, barrière de la langue.",2
ID_2229,61.0,Bac,0.4,A1401,14715,1.0,0,Compétences à réactualiser sur les outils numériques. Motivation correcte.,1
ID_2230,51.0,Sans diplôme,2.3,N1101,72259,1.0,0,Freins périphériques majeurs. Situation d'illettrisme numérique constatée.,2
ID_2231,50.0,Bac,0.4,N4101,06069,1.0,0,Problème ponctuel de mobilité géographique. Zone mal desservie.,1
ID_2232,38.0,Bac+5,2.7,N4301,29076,1.0,0,"Candidat très dynamique, mobilité nationale validée. Projet clair.",0
ID_2233,34.0,,2.0,C1201,49338,1.0,0,Freins périphériques majeurs. Situation d'illettrisme numérique constatée.,0
ID_2234,39.0,Bac,2.9,A1401,25193,1.0,0,"Profil autonome, recherche active, aucun frein périphérique identifié.",0
ID_2235,54.0,Bac,0.0,I1304,51142,1.0,1,Cumul de difficultés. Pas de moyen de transport et garde d'enfants complexe.,2
ID_2236,32.0,Bac+5,0.7,M1203,21503,0.0,0,Compétences à réactualiser sur les outils numériques. Motivation correcte.,1
ID_2237,52.0,Bac+5,2.0,K1403,2B082,1.0,0,"Excellente présentation, compétences techniques à jour. Reprise rapide visée.",0
ID_2238,45.0,Sans diplôme,9.0,D1406,43048,1.0,0,"Excellente présentation, compétences techniques à jour. Reprise rapide visée.",2
ID_2239,24.0,Bac,1.5,G1801,58174,0.0,0,Compétences à réactualiser sur les outils numériques. Motivation correcte.,1
ID_2240,49.0,Bac,1.7,J1301,91001,1.0,0,"Candidat très dynamique, mobilité nationale validée. Projet clair.",0
ID_2241,28.0,Bac+5,3.8,H2502,79115,0.0,0,"Excellente présentation, compétences techniques à jour. Reprise rapide visée.",0
ID_2242,27.0,Sans diplôme,2.8,K1403,32381,1.0,0,Cumul de difficultés. Pas de moyen de transport et garde d'enfants complexe.,1
ID_2243,26.0,Bac,1.1,G1601,89397,1.0,0,"Candidat très dynamique, mobilité nationale validée. Projet clair.",0
ID_2244,31.0,Bac+2,1.6,J1506,43002,0.0,0,Problème ponctuel de mobilité géographique. Zone mal desservie.,1
ID_2245,30.0,Sans diplôme,0.7,H2502,76442,1.0,0,Problème ponctuel de mobilité géographique. Zone mal desservie.,1
ID_2246,42.0,,10.1,C1110,36139,1.0,0,Problème ponctuel de mobilité géographique. Zone mal desservie.,1
ID_2247,19.0,Bac,0.4,K2111,14741,1.0,1,Problème ponctuel de mobilité géographique. Zone mal desservie.,1
ID_2248,52.0,Bac,1.4,H1504,54462,0.0,0,Projet de reconversion à affiner. Besoin d'une formation complémentaire.,1
ID_2249,24.0,,0.1,M1602,32043,1.0,0,Projet de reconversion à affiner. Besoin d'une formation complémentaire.,1
ID_2250,38.0,Bac,0.8,C1501,35056,1.0,0,Problème ponctuel de mobilité géographique. Zone mal desservie.,0
ID_2251,35.0,Sans diplôme,4.5,H1206,09246,1.0,0,Freins périphériques majeurs. Situation d'illettrisme numérique constatée.,1
ID_2252,20.0,Bac,0.7,K1201,70030,1.0,0,Freins périphériques majeurs. Situation d'illettrisme numérique constatée.,0
ID_2253,59.0,Bac+5,0.3,N4101,78518,1.0,0,Projet de reconversion à affiner. Besoin d'une formation complémentaire.,1
ID_2254,56.0,,1.9,D1210,47279,1.0,1,Freins périphériques majeurs. Situation d'illettrisme numérique constatée.,2
ID_2255,58.0,Sans diplôme,0.0,M1203,21685,1.0,0,Freins périphériques majeurs. Situation d'illettrisme numérique constatée.,2
ID_2256,28.0,Sans diplôme,0.3,G1602,80622,0.0,0,"Candidat très dynamique, mobilité nationale validée. Projet clair.",0
ID_2257,56.0,Bac,4.9,N4101,10103,1.0,0,Compétences à réactualiser sur les outils numériques. Motivation correcte.,1
ID_2258,41.0,Bac,4.4,H1206,02181,1.0,0,"Excellente présentation, compétences techniques à jour. Reprise rapide visée.",0
ID_2259,63.0,Bac,7.4,D1401,58287,1.0,0,"Perte de confiance importante. Risque d'exclusion, barrière de la langue.",1
ID_2260,36.0,Bac+2,5.8,G1602,17016,0.0,0,"Excellente présentation, compétences techniques à jour. Reprise rapide visée.",0
ID_2261,21.0,Sans diplôme,3.4,J1506,44190,0.0,0,"Profil autonome, recherche active, aucun frein périphérique identifié.",1
ID_2262,43.0,Sans diplôme,0.2,G1302,65320,0.0,0,"Candidat très dynamique, mobilité nationale validée. Projet clair.",1
ID_2263,55.0,Bac,4.6,G1801,30209,0.0,0,Cumul de difficultés. Pas de moyen de transport et garde d'enfants complexe.,1
ID_2264,59.0,Bac+2,5.6,H1504,40153,1.0,0,Freins périphériques majeurs. Situation d'illettrisme numérique constatée.,1
ID_2265,49.0,Sans diplôme,4.8,K2111,59005,,0,Freins périphériques majeurs. Situation d'illettrisme numérique constatée.,1
ID_2266,56.0,Bac+2,2.1,D1210,70386,1.0,0,Problème ponctuel de mobilité géographique. Zone mal desservie.,1
ID_2267,62.0,Bac,0.8,K1403,25421,0.0,0,Freins périphériques majeurs. Situation d'illettrisme numérique constatée.,1
ID_2268,63.0,Bac+5,5.6,K2111,19024,0.0,0,Compétences à réactualiser sur les outils numériques. Motivation correcte.,1
ID_2269,53.0,Bac+5,3.9,M1602,86279,1.0,0,"Profil autonome, recherche active, aucun frein périphérique identifié.",1
ID_2270,57.0,Bac,11.9,C1102,55170,0.0,0,"Perte de confiance importante. Risque d'exclusion, barrière de la langue.",1
ID_2271,54.0,,0.5,H2502,25364,1.0,0,Compétences à réactualiser sur les outils numériques. Motivation correcte.,1
ID_2272,50.0,Bac,0.8,M1805,21396,0.0,0,,0
ID_2273,53.0,Bac,0.7,N4301,77085,1.0,0,Problème ponctuel de mobilité géographique. Zone mal desservie.,1
ID_2274,20.0,Bac+2,4.7,G1203,21693,1.0,0,Problème ponctuel de mobilité géographique. Zone mal desservie.,1
ID_2275,26.0,Bac+5,0.6,K1601,54421,1.0,1,"Candidat très dynamique, mobilité nationale validée. Projet clair.",0
ID_2276,25.0,Bac+2,0.2,K1403,07183,0.0,0,"Profil autonome, recherche active, aucun frein périphérique identifié.",0
ID_2277,50.0,Bac+5,19.6,F1603,64529,1.0,0,Problème ponctuel de mobilité géographique. Zone mal desservie.,1
ID_2278,23.0,,0.1,J1301,29134,1.0,0,"Profil autonome, recherche active, aucun frein périphérique identifié.",0
ID_2279,58.0,Sans diplôme,5.4,H1206,02044,1.0,0,Compétences à réactualiser sur les outils numériques. Motivation correcte.,2
ID_2280,56.0,Bac+2,1.4,K2111,91579,1.0,0,Cumul de difficultés. Pas de moyen de transport et garde d'enfants complexe.,2
ID_2281,21.0,Bac,5.5,M1203,63260,0.0,0,"Profil autonome, recherche active, aucun frein périphérique identifié.",0
ID_2282,30.0,Bac+2,2.4,D1406,51162,1.0,0,Problème ponctuel de mobilité géographique. Zone mal desservie.,1
ID_2283,19.0,Bac,7.0,H2502,11396,0.0,0,Problème ponctuel de mobilité géographique. Zone mal desservie.,1
ID_2284,22.0,Sans diplôme,7.8,C1302,30249,0.0,0,Freins périphériques majeurs. Situation d'illettrisme numérique constatée.,0
ID_2285,61.0,Bac+5,0.0,F1603,60108,1.0,0,,1
ID_2286,44.0,Sans diplôme,0.2,M1602,77009,0.0,0,,2
ID_2287,,Bac+5,0.9,C1302,31317,0.0,0,"Excellente présentation, compétences techniques à jour. Reprise rapide visée.",0
ID_2288,38.0,Bac+5,3.3,I1304,60146,0.0,0,Compétences à réactualiser sur les outils numériques. Motivation correcte.,0
ID_2289,25.0,Bac+2,6.6,C1201,33510,1.0,1,"Excellente présentation, compétences techniques à jour. Reprise rapide visée.",1
ID_2290,55.0,Bac+2,1.8,D1406,19226,1.0,0,Problème ponctuel de mobilité géographique. Zone mal desservie.,1
ID_2291,25.0,Bac,2.8,N1101,2A141,1.0,0,"Excellente présentation, compétences techniques à jour. Reprise rapide visée.",0
ID_2292,20.0,Bac+5,0.6,A1301,80827,0.0,0,Problème ponctuel de mobilité géographique. Zone mal desservie.,0
ID_2293,61.0,Bac,4.9,G1203,54526,1.0,0,"Profil autonome, recherche active, aucun frein périphérique identifié.",0
ID_2294,20.0,Bac,10.3,J1301,77253,1.0,0,Problème ponctuel de mobilité géographique. Zone mal desservie.,0
ID_2295,39.0,Bac+2,0.9,A1202,51595,1.0,0,Cumul de difficultés. Pas de moyen de transport et garde d'enfants complexe.,0
ID_2296,23.0,Bac,2.0,G1302,77235,0.0,0,Cumul de difficultés. Pas de moyen de transport et garde d'enfants complexe.,1
ID_2297,19.0,Bac,0.3,D1503,57004,1.0,0,Problème ponctuel de mobilité géographique. Zone mal desservie.,1
ID_2298,40.0,Bac,2.5,M1805,02723,1.0,0,"Excellente présentation, compétences techniques à jour. Reprise rapide visée.",0
ID_2299,61.0,Bac,2.1,M1602,79142,0.0,0,Cumul de difficultés. Pas de moyen de transport et garde d'enfants complexe.,2
ID_2300,19.0,Bac+5,0.5,G1302,50419,0.0,0,"Excellente présentation, compétences techniques à jour. Reprise rapide visée.",0
ID_2301,55.0,Bac,1.8,N4301,16403,0.0,1,Problème ponctuel de mobilité géographique. Zone mal desservie.,2
ID_2302,34.0,,1.2,A1301,80109,1.0,0,Problème ponctuel de mobilité géographique. Zone mal desservie.,0
ID_2303,52.0,Bac+2,2.2,D1503,58085,0.0,0,Compétences à réactualiser sur les outils numériques. Motivation correcte.,1
ID_2304,51.0,Bac+5,2.6,N1301,19181,1.0,0,"Perte de confiance importante. Risque d'exclusion, barrière de la langue.",0
ID_2305,40.0,Bac,0.0,J1506,08461,0.0,0,"Profil autonome, recherche active, aucun frein périphérique identifié.",0
ID_2306,47.0,Bac+2,4.3,D1503,42217,1.0,0,Compétences à réactualiser sur les outils numériques. Motivation correcte.,1
ID_2307,25.0,Sans diplôme,3.7,N4101,50413,0.0,0,Compétences à réactualiser sur les outils numériques. Motivation correcte.,1
ID_2308,39.0,Bac+5,1.4,N1101,59620,1.0,0,"Perte de confiance importante. Risque d'exclusion, barrière de la langue.",0
ID_2309,61.0,Sans diplôme,0.2,J1301,40031,1.0,0,"Profil autonome, recherche active, aucun frein périphérique identifié.",1
ID_2310,53.0,Bac+5,4.2,M1203,51517,0.0,0,Compétences à réactualiser sur les outils numériques. Motivation correcte.,1
ID_2311,22.0,Bac+5,9.3,G1602,60412,,0,Compétences à réactualiser sur les outils numériques. Motivation correcte.,1
ID_2312,30.0,Bac,0.8,G1602,33172,0.0,0,Projet de reconversion à affiner. Besoin d'une formation complémentaire.,0
ID_2313,46.0,Bac,1.2,M1705,21685,1.0,0,"Candidat très dynamique, mobilité nationale validée. Projet clair.",0
ID_2314,48.0,Bac+2,0.6,M1806,15007,1.0,0,Cumul de difficultés. Pas de moyen de transport et garde d'enfants complexe.,0
ID_2315,,Bac,2.6,N1301,54207,0.0,0,Compétences à réactualiser sur les outils numériques. Motivation correcte.,0
ID_2316,59.0,Bac+5,0.5,H1504,36029,0.0,0,Compétences à réactualiser sur les outils numériques. Motivation correcte.,1
ID_2317,47.0,Sans diplôme,1.3,G1302,04121,0.0,0,Compétences à réactualiser sur les outils numériques. Motivation correcte.,1
ID_2318,33.0,Sans diplôme,3.6,H2502,17164,1.0,0,Compétences à réactualiser sur les outils numériques. Motivation correcte.,1
ID_2319,29.0,Bac+5,2.5,C1110,28408,1.0,0,"Profil autonome, recherche active, aucun frein périphérique identifié.",0
ID_2320,34.0,Bac+2,1.5,C1110,47048,1.0,0,Freins périphériques majeurs. Situation d'illettrisme numérique constatée.,0
ID_2321,33.0,Bac+5,1.6,N4101,53202,0.0,0,"Candidat très dynamique, mobilité nationale validée. Projet clair.",0
ID_2322,29.0,Bac,2.5,M1801,47133,0.0,0,Projet de reconversion à affiner. Besoin d'une formation complémentaire.,0
ID_2323,25.0,Bac+2,0.0,D1210,54068,1.0,1,Problème ponctuel de mobilité géographique. Zone mal desservie.,1
ID_2324,37.0,Bac,0.2,D1503,01030,0.0,0,Projet de reconversion à affiner. Besoin d'une formation complémentaire.,1
ID_2325,20.0,Bac+2,6.4,M1705,58231,1.0,0,Problème ponctuel de mobilité géographique. Zone mal desservie.,0
ID_2326,33.0,Bac+2,0.2,M1802,63277,0.0,1,Problème ponctuel de mobilité géographique. Zone mal desservie.,1
ID_2327,47.0,Bac,3.7,K2111,44067,0.0,0,"Profil autonome, recherche active, aucun frein périphérique identifié.",0
ID_2328,62.0,Bac,7.6,K2111,85254,1.0,0,Problème ponctuel de mobilité géographique. Zone mal desservie.,1
ID_2329,40.0,Bac,0.9,K2111,62669,1.0,0,"Excellente présentation, compétences techniques à jour. Reprise rapide visée.",0
ID_2330,45.0,Bac+2,1.4,M1802,76462,1.0,0,"Profil autonome, recherche active, aucun frein périphérique identifié.",1
ID_2331,57.0,Bac,2.5,G1302,41042,0.0,0,"Profil autonome, recherche active, aucun frein périphérique identifié.",1
ID_2332,22.0,Bac+2,6.4,N1303,67248,0.0,0,Problème ponctuel de mobilité géographique. Zone mal desservie.,0
ID_2333,37.0,Bac,8.5,M1501,70480,1.0,0,Cumul de difficultés. Pas de moyen de transport et garde d'enfants complexe.,1
ID_2334,57.0,Bac+2,4.0,K1903,69249,1.0,0,Cumul de difficultés. Pas de moyen de transport et garde d'enfants complexe.,2
ID_2335,61.0,Bac+2,0.3,H1504,59009,1.0,1,"Perte de confiance importante. Risque d'exclusion, barrière de la langue.",2
ID_2336,18.0,Bac,3.3,K2106,17242,0.0,0,"Candidat très dynamique, mobilité nationale validée. Projet clair.",0
ID_2337,47.0,Sans diplôme,1.6,G1801,80701,1.0,0,Problème ponctuel de mobilité géographique. Zone mal desservie.,1
ID_2338,38.0,Sans diplôme,1.9,M1602,02423,1.0,0,Freins périphériques majeurs. Situation d'illettrisme numérique constatée.,2
ID_2339,37.0,Bac+2,0.2,C1302,72047,1.0,0,Freins périphériques majeurs. Situation d'illettrisme numérique constatée.,0
ID_2340,23.0,Bac+5,0.6,W1401,21630,1.0,0,"Candidat très dynamique, mobilité nationale validée. Projet clair.",0
ID_2341,39.0,Sans diplôme,4.7,H2502,62200,1.0,0,Compétences à réactualiser sur les outils numériques. Motivation correcte.,1
ID_2342,35.0,Bac+2,1.8,W1401,06158,,0,"Profil autonome, recherche active, aucun frein périphérique identifié.",0
ID_2343,25.0,Bac,1.1,J1301,23047,1.0,0,Freins périphériques majeurs. Situation d'illettrisme numérique constatée.,0
ID_2344,56.0,Bac,1.5,K1201,21011,1.0,1,Cumul de difficultés. Pas de moyen de transport et garde d'enfants complexe.,2
ID_2345,49.0,Bac+5,5.8,G1601,65065,1.0,0,"Perte de confiance importante. Risque d'exclusion, barrière de la langue.",0
ID_2346,50.0,Bac,4.1,D1406,69075,1.0,0,Compétences à réactualiser sur les outils numériques. Motivation correcte.,1
ID_2347,33.0,Bac,1.0,C1302,16117,1.0,0,"Profil autonome, recherche active, aucun frein périphérique identifié.",0
ID_2348,29.0,Sans diplôme,0.4,G1601,22112,0.0,0,Cumul de difficultés. Pas de moyen de transport et garde d'enfants complexe.,1
ID_2349,55.0,Sans diplôme,0.9,A1501,50302,0.0,0,Freins périphériques majeurs. Situation d'illettrisme numérique constatée.,2
ID_2350,51.0,Bac,7.6,I1304,84083,0.0,0,Projet de reconversion à affiner. Besoin d'une formation complémentaire.,1
ID_2351,,Sans diplôme,2.6,K1403,83106,0.0,0,Compétences à réactualiser sur les outils numériques. Motivation correcte.,1
ID_2352,53.0,Bac+2,2.3,K1601,60576,0.0,0,Projet de reconversion à affiner. Besoin d'une formation complémentaire.,1
ID_2353,50.0,Bac,2.7,D1406,60415,0.0,0,Problème ponctuel de mobilité géographique. Zone mal desservie.,0
ID_2354,40.0,Bac,1.4,F1603,14667,0.0,0,Compétences à réactualiser sur les outils numériques. Motivation correcte.,1
ID_2355,62.0,Sans diplôme,4.9,K2111,36060,1.0,1,Cumul de difficultés. Pas de moyen de transport et garde d'enfants complexe.,2
ID_2356,19.0,Bac,2.2,C1302,72226,0.0,0,,1
ID_2357,58.0,Bac+2,0.4,A1203,93008,0.0,0,Cumul de difficultés. Pas de moyen de transport et garde d'enfants complexe.,2
ID_2358,38.0,Bac+5,0.4,J1301,64063,1.0,1,Compétences à réactualiser sur les outils numériques. Motivation correcte.,1
ID_2359,19.0,Sans diplôme,2.3,D1502,59565,1.0,0,"Excellente présentation, compétences techniques à jour. Reprise rapide visée.",1
ID_2360,44.0,Bac+5,8.3,D1401,43015,1.0,0,Problème ponctuel de mobilité géographique. Zone mal desservie.,0
ID_2361,26.0,Bac,1.1,J1301,57211,1.0,0,Freins périphériques majeurs. Situation d'illettrisme numérique constatée.,0
ID_2362,18.0,Bac,6.1,M1203,27389,1.0,0,Projet de reconversion à affiner. Besoin d'une formation complémentaire.,1
ID_2363,28.0,Bac,4.3,K1403,89409,1.0,0,,0
ID_2364,20.0,Sans diplôme,0.9,M1203,27429,1.0,0,"Candidat très dynamique, mobilité nationale validée. Projet clair.",2
ID_2365,40.0,Sans diplôme,0.1,K1304,62568,1.0,0,Compétences à réactualiser sur les outils numériques. Motivation correcte.,1
ID_2366,43.0,Bac+2,0.3,K2106,80734,1.0,0,Freins périphériques majeurs. Situation d'illettrisme numérique constatée.,0
ID_2367,21.0,Bac,3.9,C1302,47140,1.0,0,Projet de reconversion à affiner. Besoin d'une formation complémentaire.,1
ID_2368,35.0,Bac+5,0.7,K1403,65433,1.0,0,,0
ID_2369,23.0,Bac,1.4,I1304,30030,0.0,0,"Excellente présentation, compétences techniques à jour. Reprise rapide visée.",0
ID_2370,52.0,Sans diplôme,2.1,G1601,16098,1.0,0,"Profil autonome, recherche active, aucun frein périphérique identifié.",1
ID_2371,39.0,Bac+2,3.9,H2502,32239,1.0,0,"Excellente présentation, compétences techniques à jour. Reprise rapide visée.",0
ID_2372,60.0,Bac,0.4,K1304,02616,1.0,0,Freins périphériques majeurs. Situation d'illettrisme numérique constatée.,2
ID_2373,32.0,Bac,1.6,A1202,51360,1.0,0,"Profil autonome, recherche active, aucun frein périphérique identifié.",0
ID_2374,39.0,Bac+2,2.0,G1801,53181,1.0,0,Projet de reconversion à affiner. Besoin d'une formation complémentaire.,1
ID_2375,54.0,Bac+5,2.3,G1203,65193,1.0,0,"Candidat très dynamique, mobilité nationale validée. Projet clair.",1
ID_2376,59.0,Bac+2,5.1,A1202,31412,1.0,0,Problème ponctuel de mobilité géographique. Zone mal desservie.,1
ID_2377,29.0,Bac+2,0.6,N4101,70088,,0,"Excellente présentation, compétences techniques à jour. Reprise rapide visée.",0
ID_2378,59.0,Bac+2,4.9,K1304,51404,1.0,0,Projet de reconversion à affiner. Besoin d'une formation complémentaire.,1
ID_2379,55.0,Bac+5,3.5,J1301,52290,0.0,1,Compétences à réactualiser sur les outils numériques. Motivation correcte.,1
ID_2380,35.0,Bac,2.4,H1206,27419,0.0,1,Projet de reconversion à affiner. Besoin d'une formation complémentaire.,1
ID_2381,62.0,Sans diplôme,3.6,I1304,69133,1.0,1,"Profil autonome, recherche active, aucun frein périphérique identifié.",2
ID_2382,52.0,Bac,1.6,K1601,65351,0.0,1,Projet de reconversion à affiner. Besoin d'une formation complémentaire.,2
ID_2383,47.0,Bac,0.4,J1506,19146,1.0,0,Cumul de difficultés. Pas de moyen de transport et garde d'enfants complexe.,0
ID_2384,41.0,Bac+2,3.3,C1110,64341,0.0,0,"Perte de confiance importante. Risque d'exclusion, barrière de la langue.",0
ID_2385,59.0,Bac+2,2.2,D1401,29120,0.0,0,Problème ponctuel de mobilité géographique. Zone mal desservie.,1
ID_2386,47.0,Bac,3.1,D1406,69143,1.0,0,"Perte de confiance importante. Risque d'exclusion, barrière de la langue.",2
ID_2387,31.0,Sans diplôme,1.2,A1301,78048,0.0,0,Compétences à réactualiser sur les outils numériques. Motivation correcte.,1
ID_2388,23.0,Bac+2,7.1,D1210,65447,1.0,0,Problème ponctuel de mobilité géographique. Zone mal desservie.,1
ID_2389,20.0,Bac,2.7,D1406,76523,1.0,0,Compétences à réactualiser sur les outils numériques. Motivation correcte.,1
ID_2390,33.0,Bac+2,0.3,N1101,79267,1.0,0,"Perte de confiance importante. Risque d'exclusion, barrière de la langue.",0
ID_2391,24.0,Bac,1.8,K1403,31176,1.0,0,Problème ponctuel de mobilité géographique. Zone mal desservie.,1
ID_2392,31.0,Bac,4.2,F1603,27394,1.0,0,"Profil autonome, recherche active, aucun frein périphérique identifié.",2
ID_2393,26.0,Sans diplôme,4.7,C1110,29049,1.0,0,Problème ponctuel de mobilité géographique. Zone mal desservie.,1
ID_2394,32.0,Sans diplôme,2.0,K2106,52257,1.0,0,Compétences à réactualiser sur les outils numériques. Motivation correcte.,2
ID_2395,38.0,Bac+5,6.8,M1501,67515,0.0,0,Compétences à réactualiser sur les outils numériques. Motivation correcte.,0
ID_2396,52.0,Bac+5,0.9,N4101,40212,1.0,0,Compétences à réactualiser sur les outils numériques. Motivation correcte.,1
ID_2397,19.0,,1.6,M1705,35028,1.0,0,"Profil autonome, recherche active, aucun frein périphérique identifié.",0
ID_2398,44.0,Sans diplôme,6.9,K2111,58070,1.0,0,Compétences à réactualiser sur les outils numériques. Motivation correcte.,1
ID_2399,19.0,Bac,6.8,D1406,29295,1.0,0,Compétences à réactualiser sur les outils numériques. Motivation correcte.,1
ID_2400,52.0,Bac+2,3.5,G1302,61463,,0,Projet de reconversion à affiner. Besoin d'une formation complémentaire.,1
ID_2401,35.0,Bac+2,5.9,W1401,57566,1.0,0,"Excellente présentation, compétences techniques à jour. Reprise rapide visée.",0
ID_2402,31.0,Sans diplôme,0.3,M1801,78305,1.0,0,Projet de reconversion à affiner. Besoin d'une formation complémentaire.,1
ID_2403,37.0,Sans diplôme,6.0,C1110,67060,0.0,1,Freins périphériques majeurs. Situation d'illettrisme numérique constatée.,2
ID_2404,35.0,Bac+2,1.2,A1203,57623,0.0,0,"Candidat très dynamique, mobilité nationale validée. Projet clair.",1
ID_2405,27.0,Bac,0.6,A1202,2A228,1.0,0,Cumul de difficultés. Pas de moyen de transport et garde d'enfants complexe.,1
ID_2406,42.0,Bac,0.8,K1601,05073,1.0,0,"Profil autonome, recherche active, aucun frein périphérique identifié.",2
ID_2407,19.0,Sans diplôme,1.6,A1301,10424,0.0,0,Compétences à réactualiser sur les outils numériques. Motivation correcte.,1
ID_2408,42.0,Bac,0.9,K1304,51601,0.0,0,"Candidat très dynamique, mobilité nationale validée. Projet clair.",0
ID_2409,50.0,Bac+5,1.2,N1301,81174,0.0,0,Freins périphériques majeurs. Situation d'illettrisme numérique constatée.,0
ID_2410,53.0,Bac+5,0.4,C1201,95422,1.0,0,Compétences à réactualiser sur les outils numériques. Motivation correcte.,1
ID_2411,48.0,Bac,1.1,M1705,32336,1.0,0,"Candidat très dynamique, mobilité nationale validée. Projet clair.",0
ID_2412,31.0,Bac,2.5,D1406,62064,1.0,0,"Excellente présentation, compétences techniques à jour. Reprise rapide visée.",0
ID_2413,18.0,Sans diplôme,1.7,M1805,64459,0.0,0,Freins périphériques majeurs. Situation d'illettrisme numérique constatée.,2
ID_2414,,Bac,1.3,A1501,57012,0.0,0,Problème ponctuel de mobilité géographique. Zone mal desservie.,1
ID_2415,33.0,Bac,4.1,N1301,22177,0.0,0,"Candidat très dynamique, mobilité nationale validée. Projet clair.",0
ID_2416,63.0,Bac+2,6.7,K2101,34025,0.0,0,Problème ponctuel de mobilité géographique. Zone mal desservie.,1
ID_2417,20.0,Bac,4.2,I1304,70236,1.0,0,Compétences à réactualiser sur les outils numériques. Motivation correcte.,0
ID_2418,,Bac,1.2,H1206,60008,1.0,0,"Profil autonome, recherche active, aucun frein périphérique identifié.",1
ID_2419,58.0,Sans diplôme,4.1,G1601,38210,0.0,0,Problème ponctuel de mobilité géographique. Zone mal desservie.,1
ID_2420,23.0,Bac,0.5,M1802,02327,0.0,0,Cumul de difficultés. Pas de moyen de transport et garde d'enfants complexe.,2
ID_2421,42.0,Sans diplôme,0.4,N1303,16315,0.0,0,Projet de reconversion à affiner. Besoin d'une formation complémentaire.,1
ID_2422,30.0,Sans diplôme,1.3,A1301,11113,1.0,0,"Profil autonome, recherche active, aucun frein périphérique identifié.",0
ID_2423,51.0,Bac+5,4.9,H1504,56018,0.0,0,"Profil autonome, recherche active, aucun frein périphérique identifié.",0
ID_2424,25.0,Bac,0.8,M1602,51174,0.0,1,"Profil autonome, recherche active, aucun frein périphérique identifié.",1
ID_2425,38.0,Bac,0.2,D1210,27309,0.0,0,"Candidat très dynamique, mobilité nationale validée. Projet clair.",0
ID_2426,51.0,Bac+5,0.4,H1504,22259,1.0,0,"Profil autonome, recherche active, aucun frein périphérique identifié.",0
ID_2427,21.0,Bac+5,5.9,M1802,05162,1.0,0,"Candidat très dynamique, mobilité nationale validée. Projet clair.",0
ID_2428,42.0,Bac,3.0,N1303,35062,1.0,0,"Candidat très dynamique, mobilité nationale validée. Projet clair.",0
ID_2429,32.0,Bac+5,0.9,M1802,50092,0.0,0,"Perte de confiance importante. Risque d'exclusion, barrière de la langue.",0
ID_2430,21.0,Bac,2.4,N4301,91319,1.0,0,Freins périphériques majeurs. Situation d'illettrisme numérique constatée.,1
ID_2431,62.0,Bac,2.2,M1607,60132,1.0,0,"Perte de confiance importante. Risque d'exclusion, barrière de la langue.",2
ID_2432,29.0,Bac,3.2,A1501,83100,0.0,0,Problème ponctuel de mobilité géographique. Zone mal desservie.,1
ID_2433,49.0,Bac+2,0.8,M1607,51097,0.0,0,Problème ponctuel de mobilité géographique. Zone mal desservie.,1
ID_2434,49.0,Bac+2,6.0,K1601,63379,1.0,0,"Excellente présentation, compétences techniques à jour. Reprise rapide visée.",0
ID_2435,45.0,Bac,1.1,N4301,76503,0.0,0,"Profil autonome, recherche active, aucun frein périphérique identifié.",0
ID_2436,30.0,,3.6,N4101,47174,1.0,0,Problème ponctuel de mobilité géographique. Zone mal desservie.,1
ID_2437,48.0,Bac+2,0.0,K1201,16419,1.0,0,"Candidat très dynamique, mobilité nationale validée. Projet clair.",0
ID_2438,31.0,Sans diplôme,1.4,K1304,58224,1.0,0,Compétences à réactualiser sur les outils numériques. Motivation correcte.,0
ID_2439,37.0,Bac,1.3,C1102,33162,0.0,0,Projet de reconversion à affiner. Besoin d'une formation complémentaire.,0
ID_2440,35.0,Bac+2,2.4,K2111,58236,1.0,0,Problème ponctuel de mobilité géographique. Zone mal desservie.,1
ID_2441,46.0,Bac+2,0.2,K1903,40035,1.0,1,Projet de reconversion à affiner. Besoin d'une formation complémentaire.,1
ID_2442,23.0,Bac+2,4.7,I1304,03097,0.0,0,"Profil autonome, recherche active, aucun frein périphérique identifié.",0
ID_2443,49.0,Bac+5,0.7,H1206,90087,1.0,0,"Candidat très dynamique, mobilité nationale validée. Projet clair.",0
ID_2444,46.0,Bac,3.4,N4101,95042,0.0,0,"Perte de confiance importante. Risque d'exclusion, barrière de la langue.",2
ID_2445,60.0,Bac+2,4.9,A1501,67426,0.0,0,Problème ponctuel de mobilité géographique. Zone mal desservie.,1
ID_2446,19.0,Bac+2,2.5,N1101,83004,1.0,0,"Candidat très dynamique, mobilité nationale validée. Projet clair.",0
ID_2447,,Sans diplôme,4.1,K2106,69120,0.0,0,Problème ponctuel de mobilité géographique. Zone mal desservie.,1
ID_2448,36.0,Sans diplôme,3.3,W1401,45082,0.0,0,"Perte de confiance importante. Risque d'exclusion, barrière de la langue.",1
ID_2449,48.0,Bac,1.3,K1601,09284,0.0,0,,1
ID_2450,22.0,Bac,5.0,C1201,51582,1.0,0,Cumul de difficultés. Pas de moyen de transport et garde d'enfants complexe.,2
ID_2451,36.0,Bac+2,1.0,J1506,63297,1.0,1,"Excellente présentation, compétences techniques à jour. Reprise rapide visée.",0
ID_2452,51.0,Bac+5,2.5,M1705,47032,0.0,0,Projet de reconversion à affiner. Besoin d'une formation complémentaire.,1
ID_2453,27.0,Sans diplôme,4.1,D1502,31184,1.0,0,Problème ponctuel de mobilité géographique. Zone mal desservie.,1
ID_2454,42.0,Sans diplôme,1.4,A1202,10362,0.0,0,Compétences à réactualiser sur les outils numériques. Motivation correcte.,1
ID_2455,19.0,Bac+5,1.1,A1301,10259,1.0,1,Problème ponctuel de mobilité géographique. Zone mal desservie.,1
ID_2456,28.0,Sans diplôme,1.8,C1110,07249,1.0,0,Compétences à réactualiser sur les outils numériques. Motivation correcte.,1
ID_2457,48.0,Bac,5.1,M1806,71321,1.0,0,Compétences à réactualiser sur les outils numériques. Motivation correcte.,0
ID_2458,32.0,Bac,8.0,K1201,38512,1.0,0,"Profil autonome, recherche active, aucun frein périphérique identifié.",0
ID_2459,26.0,Bac,2.4,N4101,65068,1.0,0,Compétences à réactualiser sur les outils numériques. Motivation correcte.,1
ID_2460,40.0,Sans diplôme,3.2,D1401,59589,0.0,0,Projet de reconversion à affiner. Besoin d'une formation complémentaire.,1
ID_2461,36.0,,7.0,H2502,17446,1.0,0,Problème ponctuel de mobilité géographique. Zone mal desservie.,1
ID_2462,26.0,Sans diplôme,0.3,C1110,26033,0.0,0,"Excellente présentation, compétences techniques à jour. Reprise rapide visée.",1
ID_2463,52.0,Bac,0.8,N1101,57293,1.0,0,,1
ID_2464,38.0,Bac,3.7,M1602,63019,0.0,0,Projet de reconversion à affiner. Besoin d'une formation complémentaire.,1
ID_2465,26.0,Bac,5.2,A1401,62758,0.0,1,Freins périphériques majeurs. Situation d'illettrisme numérique constatée.,1
ID_2466,45.0,Bac+2,5.8,C1302,48048,0.0,0,Cumul de difficultés. Pas de moyen de transport et garde d'enfants complexe.,0
ID_2467,63.0,Bac+5,1.6,A1501,65377,0.0,0,Cumul de difficultés. Pas de moyen de transport et garde d'enfants complexe.,0
ID_2468,24.0,Sans diplôme,0.3,A1202,11088,1.0,1,Cumul de difficultés. Pas de moyen de transport et garde d'enfants complexe.,2
ID_2469,33.0,Bac,1.7,M1607,57502,1.0,0,"Excellente présentation, compétences techniques à jour. Reprise rapide visée.",1
ID_2470,33.0,Bac+2,0.8,H1206,51587,1.0,0,"Perte de confiance importante. Risque d'exclusion, barrière de la langue.",0
ID_2471,50.0,Bac,1.0,M1602,47113,1.0,0,,1
ID_2472,21.0,Bac,4.4,G1801,53025,1.0,0,Compétences à réactualiser sur les outils numériques. Motivation correcte.,1
ID_2473,21.0,Bac+2,0.2,G1601,34147,0.0,0,Projet de reconversion à affiner. Besoin d'une formation complémentaire.,1
ID_2474,56.0,Bac+5,5.3,C1302,23258,0.0,0,Projet de reconversion à affiner. Besoin d'une formation complémentaire.,1
ID_2475,57.0,Bac+5,1.7,C1201,40134,0.0,0,Projet de reconversion à affiner. Besoin d'une formation complémentaire.,1
ID_2476,34.0,Bac,2.7,J1506,34174,0.0,0,Compétences à réactualiser sur les outils numériques. Motivation correcte.,0
ID_2477,54.0,Bac+2,0.3,A1501,13041,0.0,0,Freins périphériques majeurs. Situation d'illettrisme numérique constatée.,2
ID_2478,56.0,Bac,1.2,K1201,60119,0.0,0,Compétences à réactualiser sur les outils numériques. Motivation correcte.,1
ID_2479,46.0,Bac+2,0.3,J1301,03218,0.0,0,"Perte de confiance importante. Risque d'exclusion, barrière de la langue.",0
ID_2480,53.0,Bac,9.8,G1203,03182,0.0,1,"Excellente présentation, compétences techniques à jour. Reprise rapide visée.",0
ID_2481,55.0,Sans diplôme,4.9,A1501,51334,1.0,0,"Profil autonome, recherche active, aucun frein périphérique identifié.",2
ID_2482,56.0,Bac+2,1.8,D1502,62691,0.0,0,Freins périphériques majeurs. Situation d'illettrisme numérique constatée.,1
ID_2483,54.0,Bac,0.8,H1206,02339,1.0,0,Compétences à réactualiser sur les outils numériques. Motivation correcte.,1
ID_2484,52.0,Bac,8.1,A1401,37104,1.0,0,Freins périphériques majeurs. Situation d'illettrisme numérique constatée.,2
ID_2485,24.0,Bac+5,1.3,K1304,05009,1.0,0,Projet de reconversion à affiner. Besoin d'une formation complémentaire.,0
ID_2486,44.0,Sans diplôme,0.5,K1403,65412,0.0,0,Cumul de difficultés. Pas de moyen de transport et garde d'enfants complexe.,1
ID_2487,45.0,Bac,2.5,H2502,58276,0.0,0,"Profil autonome, recherche active, aucun frein périphérique identifié.",0
ID_2488,39.0,Sans diplôme,8.6,D1406,64328,0.0,0,"Perte de confiance importante. Risque d'exclusion, barrière de la langue.",2
ID_2489,31.0,Bac+2,0.0,J1506,18079,0.0,0,Cumul de difficultés. Pas de moyen de transport et garde d'enfants complexe.,2
ID_2490,24.0,Bac+2,0.8,I1304,30329,0.0,0,"Excellente présentation, compétences techniques à jour. Reprise rapide visée.",0
ID_2491,54.0,Bac,8.4,A1401,44024,1.0,0,Cumul de difficultés. Pas de moyen de transport et garde d'enfants complexe.,2
ID_2492,39.0,Bac+2,0.6,A1203,35235,1.0,0,Projet de reconversion à affiner. Besoin d'une formation complémentaire.,1
ID_2493,22.0,Bac,0.4,M1203,55051,1.0,0,"Excellente présentation, compétences techniques à jour. Reprise rapide visée.",1
ID_2494,19.0,,2.5,J1506,07226,1.0,0,Problème ponctuel de mobilité géographique. Zone mal desservie.,1
ID_2495,44.0,Bac,5.9,N4301,55005,0.0,0,Projet de reconversion à affiner. Besoin d'une formation complémentaire.,1
ID_2496,38.0,Bac,1.9,N4101,09009,1.0,0,Freins périphériques majeurs. Situation d'illettrisme numérique constatée.,0
ID_2497,55.0,Bac+5,15.6,N4301,63284,0.0,1,Cumul de difficultés. Pas de moyen de transport et garde d'enfants complexe.,2
ID_2498,32.0,Bac,3.4,H1206,47193,1.0,0,"Perte de confiance importante. Risque d'exclusion, barrière de la langue.",1
ID_2499,38.0,Sans diplôme,0.2,H1206,78481,1.0,0,Problème ponctuel de mobilité géographique. Zone mal desservie.,1
